"","game_id","date","away","home","away_sets","home_sets","away_points","home_points","away_pointpct","home_pointpct","winner","loser","sets","game_date"
"1","5383344",2023-01-03 22:00:00,"Keyano (CAN)","CUI",0,3,65,80,0.448275862068966,0.551724137931034,"CUI","Keyano (CAN)",3,2023-01-03
"2","5383869",2023-01-04 22:00:00,"Lincoln Memorial","Pepperdine",0,3,60,75,0.444444444444444,0.555555555555556,"Pepperdine","Lincoln Memorial",3,2023-01-04
"3","5393504",2023-01-05 20:30:00,"UCLA","CSUN",3,0,75,57,0.568181818181818,0.431818181818182,"UCLA","CSUN",3,2023-01-05
"4","5384143",2023-01-05 18:00:00,"Southern California","UC Santa Barbara",1,3,82,94,0.465909090909091,0.534090909090909,"UC Santa Barbara","Southern California",4,2023-01-05
"5","5384454",2023-01-05 23:00:00,"Lincoln Memorial","UC San Diego",2,3,105,101,0.509708737864078,0.490291262135922,"UC San Diego","Lincoln Memorial",5,2023-01-05
"6","5384164",2023-01-05 19:00:00,"Central St. (OH)","Ohio St.",0,3,53,75,0.4140625,0.5859375,"Ohio St.","Central St. (OH)",3,2023-01-05
"7","5384660",2023-01-06 19:00:00,"Central St. (OH)","Penn St.",1,3,72,99,0.421052631578947,0.578947368421053,"Penn St.","Central St. (OH)",4,2023-01-06
"8","5393486",2023-01-06 18:00:00,"UC San Diego","UCLA",0,3,48,75,0.390243902439024,0.609756097560976,"UCLA","UC San Diego",3,2023-01-06
"9","5384846",2023-01-06 23:00:00,"Southern California","CSUN",3,0,78,68,0.534246575342466,0.465753424657534,"Southern California","CSUN",3,2023-01-06
"10","5384800",2023-01-06 20:30:00,"Lincoln Memorial","UC Santa Barbara",3,2,103,107,0.49047619047619,0.509523809523809,"Lincoln Memorial","UC Santa Barbara",5,2023-01-06
"11","5384639",2023-01-06 18:00:00,"UC Irvine","Lewis",3,1,104,99,0.512315270935961,0.487684729064039,"UC Irvine","Lewis",4,2023-01-06
"12","5384788",2023-01-06 21:00:00,"McKendree","BYU",0,3,61,75,0.448529411764706,0.551470588235294,"BYU","McKendree",3,2023-01-06
"13","5384718",2023-01-06 20:00:00,"Lindenwood","Grand Canyon",1,3,86,110,0.438775510204082,0.561224489795918,"Grand Canyon","Lindenwood",4,2023-01-06
"14","5393183",2023-01-06 19:00:00,"King (TN)","Purdue Fort Wayne",0,3,53,75,0.4140625,0.5859375,"Purdue Fort Wayne","King (TN)",3,2023-01-06
"15","5384838",2023-01-06 22:00:00,"Saint Francis (PA)","Stanford",1,3,79,96,0.451428571428571,0.548571428571429,"Stanford","Saint Francis (PA)",4,2023-01-06
"16","5384440",2023-01-06 13:30:00,"Belmont Abbey","Eastern Nazarene",3,0,75,61,0.551470588235294,0.448529411764706,"Belmont Abbey","Eastern Nazarene",3,2023-01-06
"17","5385146",2023-01-06 18:30:00,"St. Francis Brooklyn","Belmont Abbey",3,0,75,58,0.56390977443609,0.43609022556391,"St. Francis Brooklyn","Belmont Abbey",3,2023-01-06
"18","5384612",2023-01-06 19:00:00,"Tusculum","Erskine",0,3,59,76,0.437037037037037,0.562962962962963,"Erskine","Tusculum",3,2023-01-06
"19","5384527",2023-01-06 16:00:00,"Eastern Nazarene","FDU",0,3,53,75,0.4140625,0.5859375,"FDU","Eastern Nazarene",3,2023-01-06
"20","5385477",2023-01-07 16:00:00,"Penn St.","Ohio St.",3,1,98,83,0.541436464088398,0.458563535911602,"Penn St.","Ohio St.",4,2023-01-07
"21","5421438",2023-01-07 23:00:00,"UCLA","UC Santa Barbara",3,0,76,54,0.584615384615385,0.415384615384615,"UCLA","UC Santa Barbara",3,2023-01-07
"22","5385961",2023-01-07 20:30:00,"Southern California","UC San Diego",3,2,107,100,0.516908212560386,0.483091787439614,"Southern California","UC San Diego",5,2023-01-07
"23","5385676",2023-01-07 18:00:00,"Lincoln Memorial","CSUN",0,3,62,75,0.452554744525547,0.547445255474453,"CSUN","Lincoln Memorial",3,2023-01-07
"24","5385958",2023-01-07 21:00:00,"Lewis","BYU",1,3,79,98,0.446327683615819,0.553672316384181,"BYU","Lewis",4,2023-01-07
"25","5385721",2023-01-07 17:00:00,"McKendree","UC Irvine",0,3,68,86,0.441558441558442,0.558441558441558,"UC Irvine","McKendree",3,2023-01-07
"26","5385787",2023-01-07 19:00:00,"NJIT","Purdue Fort Wayne",3,0,75,62,0.547445255474453,0.452554744525547,"NJIT","Purdue Fort Wayne",3,2023-01-07
"27","5385907",2023-01-07 20:00:00,"Saint Francis (PA)","Stanford",2,3,102,111,0.47887323943662,0.52112676056338,"Stanford","Saint Francis (PA)",5,2023-01-07
"28","5385040",2023-01-07 14:00:00,"Tusculum","Emmanuel (GA)",1,3,88,99,0.470588235294118,0.529411764705882,"Emmanuel (GA)","Tusculum",4,2023-01-07
"29","5384860",2023-01-07 09:00:00,"FDU","Belmont Abbey",3,1,96,88,0.521739130434783,0.478260869565217,"FDU","Belmont Abbey",4,2023-01-07
"30","5384855",2023-01-07 09:00:00,"St. Francis Brooklyn","Eastern Nazarene",3,0,75,52,0.590551181102362,0.409448818897638,"St. Francis Brooklyn","Eastern Nazarene",3,2023-01-07
"31","5385448",2023-01-07 16:30:00,"American Int'l","St. Francis Brooklyn",0,3,46,76,0.377049180327869,0.622950819672131,"St. Francis Brooklyn","American Int'l",3,2023-01-07
"32","5385083",2023-01-07 14:00:00,"American Int'l","Eastern Nazarene",0,3,57,75,0.431818181818182,0.568181818181818,"Eastern Nazarene","American Int'l",3,2023-01-07
"33","5386107",2023-01-08 14:00:00,"Lindenwood","Grand Canyon",0,3,64,75,0.460431654676259,0.539568345323741,"Grand Canyon","Lindenwood",3,2023-01-08
"34","5390016",2023-01-09 19:00:00,"Missouri S&T","Loyola Chicago",0,3,59,77,0.433823529411765,0.566176470588235,"Loyola Chicago","Missouri S&T",3,2023-01-09
"35","5386412",2023-01-09 19:00:00,"Princeton","D'Youville",3,0,77,59,0.566176470588235,0.433823529411765,"Princeton","D'Youville",3,2023-01-09
"36","5389992",2023-01-10 20:00:00,"Missouri S&T","Lewis",0,3,44,75,0.369747899159664,0.630252100840336,"Lewis","Missouri S&T",3,2023-01-10
"37","5386742",2023-01-10 19:00:00,"Princeton","Daemen",1,3,84,100,0.456521739130435,0.543478260869565,"Daemen","Princeton",4,2023-01-10
"38","5386766",2023-01-10 20:00:00,"NJIT","McKendree",1,3,88,96,0.478260869565217,0.521739130434783,"McKendree","NJIT",4,2023-01-10
"39","5386739",2023-01-10 19:00:00,"LIU","Belmont Abbey",3,0,75,59,0.559701492537313,0.440298507462687,"LIU","Belmont Abbey",3,2023-01-10
"40","5390005",2023-01-11 20:00:00,"King (TN)","Lewis",0,3,50,75,0.4,0.6,"Lewis","King (TN)",3,2023-01-11
"41","5387267",2023-01-11 20:00:00,"NJIT","Lindenwood",0,3,63,75,0.456521739130435,0.543478260869565,"Lindenwood","NJIT",3,2023-01-11
"42","5387169",2023-01-11 19:00:00,"LIU","Queens (NC)",3,1,95,80,0.542857142857143,0.457142857142857,"LIU","Queens (NC)",4,2023-01-11
"43","5387398",2023-01-11 22:00:00,"Vanguard","CUI",0,3,66,75,0.468085106382979,0.531914893617021,"CUI","Vanguard",3,2023-01-11
"44","5386981",2023-01-11 18:00:00,"St. Francis Brooklyn","Springfield",0,3,61,75,0.448529411764706,0.551470588235294,"Springfield","St. Francis Brooklyn",3,2023-01-11
"45","5387220",2023-01-11 19:00:00,"Central St. (OH)","Erskine",3,2,108,111,0.493150684931507,0.506849315068493,"Central St. (OH)","Erskine",5,2023-01-11
"46","5387542",2023-01-12 16:00:00,"King (TN)","Loyola Chicago",0,3,58,75,0.43609022556391,0.56390977443609,"Loyola Chicago","King (TN)",3,2023-01-12
"47","5387635",2023-01-12 19:00:00,"Mount Olive","Tusculum",3,1,94,83,0.531073446327684,0.468926553672316,"Mount Olive","Tusculum",4,2023-01-12
"48","5387613",2023-01-12 18:00:00,"LIU","Limestone",1,3,99,103,0.49009900990099,0.50990099009901,"Limestone","LIU",4,2023-01-12
"49","5387804",2023-01-13 00:00:00,"Ball St.","Hawaii",1,3,81,97,0.455056179775281,0.544943820224719,"Hawaii","Ball St.",4,2023-01-13
"50","5388233",2023-01-13 22:30:00,"King (TN)","Long Beach St.",0,3,43,75,0.364406779661017,0.635593220338983,"Long Beach St.","King (TN)",3,2023-01-13
"51","5387901",2023-01-13 19:00:00,"Daemen","Penn St.",0,3,51,75,0.404761904761905,0.595238095238095,"Penn St.","Daemen",3,2023-01-13
"52","5388225",2023-01-13 21:00:00,"Princeton","UCLA",1,3,77,97,0.442528735632184,0.557471264367816,"UCLA","Princeton",4,2023-01-13
"53","5388105",2023-01-13 20:00:00,"Southern California","Lindenwood",3,0,75,53,0.5859375,0.4140625,"Southern California","Lindenwood",3,2023-01-13
"54","5388126",2023-01-13 20:00:00,"UC San Diego","Loyola Chicago",0,3,62,76,0.449275362318841,0.550724637681159,"Loyola Chicago","UC San Diego",3,2023-01-13
"55","5388226",2023-01-13 22:00:00,"UC Santa Barbara","Stanford",0,3,58,76,0.432835820895522,0.567164179104478,"Stanford","UC Santa Barbara",3,2023-01-13
"56","5387888",2023-01-13 17:00:00,"Mount Olive","Lincoln Memorial",0,3,57,75,0.431818181818182,0.568181818181818,"Lincoln Memorial","Mount Olive",3,2023-01-13
"57","5388119",2023-01-13 21:00:00,"Master's","Pepperdine",0,3,64,75,0.460431654676259,0.539568345323741,"Pepperdine","Master's",3,2023-01-13
"58","5389585",2023-01-13 21:00:00,"Grand Canyon","George Mason",3,0,75,54,0.581395348837209,0.418604651162791,"Grand Canyon","George Mason",3,2023-01-13
"59","5388028",2023-01-13 19:00:00,"Carthage","Purdue Fort Wayne",0,3,68,75,0.475524475524476,0.524475524475524,"Purdue Fort Wayne","Carthage",3,2023-01-13
"60","5388038",2023-01-13 19:00:00,"Harvard","Sacred Heart",3,1,90,87,0.508474576271186,0.491525423728814,"Harvard","Sacred Heart",4,2023-01-13
"61","5388224",2023-01-13 19:00:00,"Emmanuel (GA)","UC Irvine",0,3,44,75,0.369747899159664,0.630252100840336,"UC Irvine","Emmanuel (GA)",3,2023-01-13
"62","5387997",2023-01-13 19:00:00,"Belmont Abbey","Charleston (WV)",0,3,56,75,0.427480916030534,0.572519083969466,"Charleston (WV)","Belmont Abbey",3,2023-01-13
"63","5388223",2023-01-13 22:00:00,"Cal Lutheran","CSUN",0,3,49,75,0.395161290322581,0.604838709677419,"CSUN","Cal Lutheran",3,2023-01-13
"64","5388123",2023-01-13 20:00:00,"Kentucky St.","Maryville (MO)",1,3,76,99,0.434285714285714,0.565714285714286,"Maryville (MO)","Kentucky St.",4,2023-01-13
"65","5388141",2023-01-13 19:00:00,"Barton","Tusculum",2,3,115,109,0.513392857142857,0.486607142857143,"Tusculum","Barton",5,2023-01-13
"66","5387972",2023-01-13 18:30:00,"FDU","American Int'l",3,0,75,54,0.581395348837209,0.418604651162791,"FDU","American Int'l",3,2023-01-13
"67","5388246",2023-01-14 00:00:00,"Ball St.","Hawaii",1,3,84,98,0.461538461538462,0.538461538461538,"Hawaii","Ball St.",4,2023-01-14
"68","5389437",2023-01-14 22:00:00,"Lindenwood","Long Beach St.",0,3,55,75,0.423076923076923,0.576923076923077,"Long Beach St.","Lindenwood",3,2023-01-14
"69","5389244",2023-01-14 19:00:00,"Merrimack","Penn St.",0,3,43,75,0.364406779661017,0.635593220338983,"Penn St.","Merrimack",3,2023-01-14
"70","5389369",2023-01-14 19:00:00,"Southern California","King (TN)",3,0,75,49,0.604838709677419,0.395161290322581,"Southern California","King (TN)",3,2023-01-14
"71","5389403",2023-01-14 20:00:00,"UC Santa Barbara","Stanford",2,3,109,110,0.497716894977169,0.502283105022831,"Stanford","UC Santa Barbara",5,2023-01-14
"72","5388447",2023-01-14 14:00:00,"Barton","Lincoln Memorial",0,3,45,75,0.375,0.625,"Lincoln Memorial","Barton",3,2023-01-14
"73","5389370",2023-01-14 19:00:00,"UC San Diego","Lewis",1,3,93,100,0.481865284974093,0.518134715025907,"Lewis","UC San Diego",4,2023-01-14
"74","5389611",2023-01-14 19:00:00,"Ohio St.","Grand Canyon",2,3,101,106,0.48792270531401,0.51207729468599,"Grand Canyon","Ohio St.",5,2023-01-14
"75","5389376",2023-01-14 21:00:00,"Emmanuel (GA)","Pepperdine",0,3,40,75,0.347826086956522,0.652173913043478,"Pepperdine","Emmanuel (GA)",3,2023-01-14
"76","5388331",2023-01-14 13:00:00,"Sacred Heart","NJIT",0,3,57,76,0.428571428571429,0.571428571428571,"NJIT","Sacred Heart",3,2023-01-14
"77","5388704",2023-01-14 15:00:00,"Queens (NC)","North Greenville",0,3,61,75,0.448529411764706,0.551470588235294,"North Greenville","Queens (NC)",3,2023-01-14
"78","5389245",2023-01-14 19:00:00,"D'Youville","Belmont Abbey",3,0,75,59,0.559701492537313,0.440298507462687,"D'Youville","Belmont Abbey",3,2023-01-14
"79","5389185",2023-01-14 18:00:00,"American Int'l","FDU",0,3,55,75,0.423076923076923,0.576923076923077,"FDU","American Int'l",3,2023-01-14
"80","5390018",2023-01-14 14:00:00,"Kentucky St.","Missouri S&T",0,3,52,75,0.409448818897638,0.590551181102362,"Missouri S&T","Kentucky St.",3,2023-01-14
"81","5389574",2023-01-15 19:00:00,"Ohio St.","George Mason",3,1,101,84,0.545945945945946,0.454054054054054,"Ohio St.","George Mason",4,2023-01-15
"82","5389526",2023-01-15 14:00:00,"D'Youville","Charleston (WV)",0,3,64,75,0.460431654676259,0.539568345323741,"Charleston (WV)","D'Youville",3,2023-01-15
"83","5389888",2023-01-16 22:00:00,"Princeton","Pepperdine",0,3,59,75,0.440298507462687,0.559701492537313,"Pepperdine","Princeton",3,2023-01-16
"84","5389908",2023-01-16 19:00:00,"Emmanuel (GA)","Master's",0,3,49,75,0.395161290322581,0.604838709677419,"Master's","Emmanuel (GA)",3,2023-01-16
"85","5390172",2023-01-17 21:00:00,"Emmanuel (GA)","UC San Diego",0,3,48,75,0.390243902439024,0.609756097560976,"UC San Diego","Emmanuel (GA)",3,2023-01-17
"86","5390051",2023-01-17 19:00:00,"Harvard","Merrimack",3,0,75,56,0.572519083969466,0.427480916030534,"Harvard","Merrimack",3,2023-01-17
"87","5390075",2023-01-17 18:00:00,"Erskine","Tusculum",1,3,75,97,0.436046511627907,0.563953488372093,"Tusculum","Erskine",4,2023-01-17
"88","5390820",2023-01-18 22:00:00,"Southern California","UC Irvine",2,3,105,113,0.481651376146789,0.518348623853211,"UC Irvine","Southern California",5,2023-01-18
"89","5390747",2023-01-18 20:00:00,"Princeton","CUI",3,1,97,91,0.515957446808511,0.484042553191489,"Princeton","CUI",4,2023-01-18
"90","5390878",2023-01-18 22:00:00,"Menlo","UC San Diego",0,3,57,75,0.431818181818182,0.568181818181818,"UC San Diego","Menlo",3,2023-01-18
"91","5390445",2023-01-18 18:00:00,"Lees-McRae","Queens (NC)",0,3,57,75,0.431818181818182,0.568181818181818,"Queens (NC)","Lees-McRae",3,2023-01-18
"92","5390814",2023-01-18 22:00:00,"Master's","CSUN",1,3,88,93,0.486187845303867,0.513812154696133,"CSUN","Master's",4,2023-01-18
"93","5390605",2023-01-18 19:00:00,"Stevens","Sacred Heart",2,3,95,106,0.472636815920398,0.527363184079602,"Sacred Heart","Stevens",5,2023-01-18
"94","5390772",2023-01-19 00:00:00,"Saint Francis (PA)","Hawaii",0,3,57,75,0.431818181818182,0.568181818181818,"Hawaii","Saint Francis (PA)",3,2023-01-19
"95","5391259",2023-01-19 22:00:00,"UC Santa Barbara","Southern California",2,3,106,104,0.504761904761905,0.495238095238095,"Southern California","UC Santa Barbara",5,2023-01-19
"96","5391308",2023-01-19 16:30:00,"Lincoln Memorial","Charleston (WV)",0,3,49,75,0.395161290322581,0.604838709677419,"Charleston (WV)","Lincoln Memorial",3,2023-01-19
"97","5391016",2023-01-19 19:00:00,"Tusculum","North Greenville",0,3,62,82,0.430555555555556,0.569444444444444,"North Greenville","Tusculum",3,2023-01-19
"98","5391090",2023-01-19 19:00:00,"Quincy","King (TN)",1,3,91,98,0.481481481481481,0.518518518518518,"King (TN)","Quincy",4,2023-01-19
"99","5391052",2023-01-19 19:00:00,"LIU","George Mason",3,1,101,92,0.523316062176166,0.476683937823834,"LIU","George Mason",4,2023-01-19
"100","5390931",2023-01-19 15:00:00,"Quincy","Limestone",3,2,104,99,0.512315270935961,0.487684729064039,"Quincy","Limestone",5,2023-01-19
"101","5391286",2023-01-19 22:00:00,"Menlo","CUI",1,3,83,99,0.456043956043956,0.543956043956044,"CUI","Menlo",4,2023-01-19
"102","5393456",2023-01-20 19:00:00,"LIU","Long Beach St.",0,3,40,75,0.347826086956522,0.652173913043478,"Long Beach St.","LIU",3,2023-01-20
"103","5391373",2023-01-20 17:00:00,"Pepperdine","Penn St.",1,3,81,95,0.460227272727273,0.539772727272727,"Penn St.","Pepperdine",4,2023-01-20
"104","5391464",2023-01-20 19:00:00,"Harvard","Ball St.",0,3,48,75,0.390243902439024,0.609756097560976,"Ball St.","Harvard",3,2023-01-20
"105","5391714",2023-01-20 22:00:00,"UC Santa Barbara","UCLA",0,3,68,82,0.453333333333333,0.546666666666667,"UCLA","UC Santa Barbara",3,2023-01-20
"106","5391482",2023-01-20 19:00:00,"Loyola Chicago","NJIT",3,0,75,59,0.559701492537313,0.440298507462687,"Loyola Chicago","NJIT",3,2023-01-20
"107","5391276",2023-01-20 14:00:00,"Quincy","Lincoln Memorial",0,3,54,75,0.418604651162791,0.581395348837209,"Lincoln Memorial","Quincy",3,2023-01-20
"108","5391578",2023-01-20 20:00:00,"Stanford","Lewis",3,1,99,91,0.521052631578947,0.478947368421053,"Stanford","Lewis",4,2023-01-20
"109","5391445",2023-01-20 19:00:00,"Maryville (MO)","Ohio St.",0,3,49,75,0.395161290322581,0.604838709677419,"Ohio St.","Maryville (MO)",3,2023-01-20
"110","5392043",2023-01-20 19:00:00,"Missouri S&T","Purdue Fort Wayne",0,3,52,75,0.409448818897638,0.590551181102362,"Purdue Fort Wayne","Missouri S&T",3,2023-01-20
"111","5391401",2023-01-20 17:00:00,"Merrimack","Mount Olive",0,3,64,75,0.460431654676259,0.539568345323741,"Mount Olive","Merrimack",3,2023-01-20
"112","5391430",2023-01-20 18:00:00,"Limestone","King (TN)",3,1,98,89,0.524064171122995,0.475935828877005,"Limestone","King (TN)",4,2023-01-20
"113","5391655",2023-01-20 21:00:00,"FDU","BYU",0,3,52,75,0.409448818897638,0.590551181102362,"BYU","FDU",3,2023-01-20
"114","5391710",2023-01-20 22:00:00,"CUI","UC Irvine",0,3,55,75,0.423076923076923,0.576923076923077,"UC Irvine","CUI",3,2023-01-20
"115","5391347",2023-01-20 15:30:00,"Quincy","Charleston (WV)",0,3,57,75,0.431818181818182,0.568181818181818,"Charleston (WV)","Quincy",3,2023-01-20
"116","5391709",2023-01-20 22:00:00,"Menlo","CSUN",0,3,60,75,0.444444444444444,0.555555555555556,"CSUN","Menlo",3,2023-01-20
"117","5396392",2023-01-20 17:00:00,"Randolph-Macon","Barton",3,1,96,76,0.558139534883721,0.441860465116279,"Randolph-Macon","Barton",4,2023-01-20
"118","5393231",2023-01-20 19:00:00,"American Int'l","D'Youville",0,3,41,75,0.353448275862069,0.646551724137931,"D'Youville","American Int'l",3,2023-01-20
"119","5391341",2023-01-20 14:00:00,"Alderson Broaddus","Adrian",2,3,110,111,0.497737556561086,0.502262443438914,"Adrian","Alderson Broaddus",5,2023-01-20
"120","5391396",2023-01-20 16:00:00,"Kentucky St.","Hiram",1,3,88,98,0.473118279569892,0.526881720430108,"Hiram","Kentucky St.",4,2023-01-20
"121","5391730",2023-01-21 00:00:00,"Saint Francis (PA)","Hawaii",0,3,61,75,0.448529411764706,0.551470588235294,"Hawaii","Saint Francis (PA)",3,2023-01-21
"122","5393419",2023-01-21 19:00:00,"Long Beach St.","George Mason",3,0,75,47,0.614754098360656,0.385245901639344,"Long Beach St.","George Mason",3,2023-01-21
"123","5392859",2023-01-21 20:00:00,"Stanford","Penn St.",1,3,83,95,0.466292134831461,0.533707865168539,"Penn St.","Stanford",4,2023-01-21
"124","5392819",2023-01-21 19:00:00,"Tusculum","Ball St.",2,3,101,111,0.476415094339623,0.523584905660377,"Ball St.","Tusculum",5,2023-01-21
"125","5393503",2023-01-21 22:00:00,"UC San Diego","UCLA",0,3,56,75,0.427480916030534,0.572519083969466,"UCLA","UC San Diego",3,2023-01-21
"126","5392884",2023-01-21 19:00:00,"Loyola Chicago","LIU",3,1,99,87,0.532258064516129,0.467741935483871,"Loyola Chicago","LIU",4,2023-01-21
"127","5392674",2023-01-21 17:00:00,"Pepperdine","Lewis",3,1,104,90,0.536082474226804,0.463917525773196,"Pepperdine","Lewis",4,2023-01-21
"128","5392755",2023-01-21 19:00:00,"Missouri S&T","Ohio St.",0,3,49,75,0.395161290322581,0.604838709677419,"Ohio St.","Missouri S&T",3,2023-01-21
"129","5392572",2023-01-21 17:00:00,"Harvard","Purdue Fort Wayne",0,3,65,75,0.464285714285714,0.535714285714286,"Purdue Fort Wayne","Harvard",3,2023-01-21
"130","5392126",2023-01-21 14:00:00,"St. Francis Brooklyn","NJIT",1,3,92,101,0.476683937823834,0.523316062176166,"NJIT","St. Francis Brooklyn",4,2023-01-21
"131","5391681",2023-01-21 12:00:00,"Charleston (WV)","King (TN)",3,0,75,52,0.590551181102362,0.409448818897638,"Charleston (WV)","King (TN)",3,2023-01-21
"132","5392909",2023-01-21 21:00:00,"FDU","BYU",0,3,49,75,0.395161290322581,0.604838709677419,"BYU","FDU",3,2023-01-21
"133","5392938",2023-01-21 22:00:00,"UC Irvine","CUI",3,0,75,44,0.630252100840336,0.369747899159664,"UC Irvine","CUI",3,2023-01-21
"134","5391764",2023-01-21 11:00:00,"Limestone","Lees-McRae",2,3,104,115,0.474885844748858,0.525114155251142,"Lees-McRae","Limestone",5,2023-01-21
"135","5391819",2023-01-21 13:00:00,"American Int'l","Daemen",0,3,50,75,0.4,0.6,"Daemen","American Int'l",3,2023-01-21
"136","5391928",2023-01-21 13:00:00,"Maryville (MO)","Central St. (OH)",1,3,80,94,0.459770114942529,0.540229885057471,"Central St. (OH)","Maryville (MO)",4,2023-01-21
"137","5392262",2023-01-21 15:00:00,"Fort Valley St.","Erskine",1,3,88,97,0.475675675675676,0.524324324324324,"Erskine","Fort Valley St.",4,2023-01-21
"138","5396352",2023-01-21 14:00:00,"Merrimack","Barton",3,1,94,90,0.510869565217391,0.489130434782609,"Merrimack","Barton",4,2023-01-21
"139","5391752",2023-01-21 10:00:00,"Kentucky St.","Alderson Broaddus",2,3,101,107,0.485576923076923,0.514423076923077,"Alderson Broaddus","Kentucky St.",5,2023-01-21
"140","5391777",2023-01-21 12:00:00,"Alderson Broaddus","Hiram",3,0,75,54,0.581395348837209,0.418604651162791,"Alderson Broaddus","Hiram",3,2023-01-21
"141","5391953",2023-01-21 14:00:00,"Kentucky St.","Adrian",0,3,51,75,0.404761904761905,0.595238095238095,"Adrian","Kentucky St.",3,2023-01-21
"142","5393055",2023-01-22 14:00:00,"Merrimack","Queens (NC)",3,2,107,114,0.484162895927602,0.515837104072398,"Merrimack","Queens (NC)",5,2023-01-22
"143","5393006",2023-01-22 13:00:00,"Missouri S&T","Central St. (OH)",0,3,68,77,0.468965517241379,0.531034482758621,"Central St. (OH)","Missouri S&T",3,2023-01-22
"144","5393587",2023-01-24 19:00:00,"King (TN)","Tusculum",3,2,109,97,0.529126213592233,0.470873786407767,"King (TN)","Tusculum",5,2023-01-24
"145","5393492",2023-01-24 18:00:00,"Fort Valley St.","Emmanuel (GA)",1,3,83,101,0.451086956521739,0.548913043478261,"Emmanuel (GA)","Fort Valley St.",4,2023-01-24
"146","5393960",2023-01-25 19:00:00,"Hawaii","Queens (NC)",3,0,75,58,0.56390977443609,0.43609022556391,"Hawaii","Queens (NC)",3,2023-01-25
"147","5394264",2023-01-25 19:00:00,"Long Beach St.","Penn St.",3,1,96,97,0.49740932642487,0.50259067357513,"Long Beach St.","Penn St.",4,2023-01-25
"148","5394211",2023-01-25 22:00:00,"Southern California","CSUN",3,1,94,80,0.540229885057471,0.459770114942529,"Southern California","CSUN",4,2023-01-25
"149","5393913",2023-01-25 18:00:00,"Limestone","North Greenville",0,3,54,75,0.418604651162791,0.581395348837209,"North Greenville","Limestone",3,2023-01-25
"150","5394208",2023-01-25 22:00:00,"BYU","UC Irvine",0,3,60,75,0.444444444444444,0.555555555555556,"UC Irvine","BYU",3,2023-01-25
"151","5394187",2023-01-25 21:00:00,"Maryville (MO)","Quincy",0,3,59,75,0.440298507462687,0.559701492537313,"Quincy","Maryville (MO)",3,2023-01-25
"152","5394848",2023-01-26 19:00:00,"Hawaii","Belmont Abbey",3,0,75,57,0.568181818181818,0.431818181818182,"Hawaii","Belmont Abbey",3,2023-01-26
"153","5394587",2023-01-26 19:00:00,"Princeton","Ohio St.",1,3,96,105,0.477611940298507,0.522388059701492,"Ohio St.","Princeton",4,2023-01-26
"154","5394596",2023-01-26 19:00:00,"NJIT","George Mason",3,2,105,103,0.504807692307692,0.495192307692308,"NJIT","George Mason",5,2023-01-26
"155","5397839",2023-01-26 19:00:00,"Kentucky St.","Midway",0,3,52,75,0.409448818897638,0.590551181102362,"Midway","Kentucky St.",3,2023-01-26
"156","5394952",2023-01-27 19:00:00,"Queens (NC)","Ball St.",0,3,45,75,0.375,0.625,"Ball St.","Queens (NC)",3,2023-01-27
"157","5395180",2023-01-27 22:00:00,"UCLA","CSUN",3,0,76,58,0.567164179104478,0.432835820895522,"UCLA","CSUN",3,2023-01-27
"158","5395441",2023-01-27 20:00:00,"Maryville (MO)","Loyola Chicago",1,3,76,103,0.424581005586592,0.575418994413408,"Loyola Chicago","Maryville (MO)",4,2023-01-27
"159","5395066",2023-01-27 20:00:00,"St. Francis Brooklyn","Lewis",0,3,52,75,0.409448818897638,0.590551181102362,"Lewis","St. Francis Brooklyn",3,2023-01-27
"160","5395051",2023-01-27 19:00:00,"Princeton","Ohio St.",2,3,89,105,0.458762886597938,0.541237113402062,"Ohio St.","Princeton",5,2023-01-27
"161","5394892",2023-01-27 19:00:00,"Pepperdine","NJIT",3,1,99,87,0.532258064516129,0.467741935483871,"Pepperdine","NJIT",4,2023-01-27
"162","5394828",2023-01-27 16:00:00,"Saint Francis (PA)","McKendree",1,3,86,94,0.477777777777778,0.522222222222222,"McKendree","Saint Francis (PA)",4,2023-01-27
"163","5395113",2023-01-27 20:00:00,"Erskine","Grand Canyon",0,3,61,76,0.445255474452555,0.554744525547445,"Grand Canyon","Erskine",3,2023-01-27
"164","5395195",2023-01-27 19:00:00,"Sacred Heart","Purdue Fort Wayne",0,3,56,75,0.427480916030534,0.572519083969466,"Purdue Fort Wayne","Sacred Heart",3,2023-01-27
"165","5394956",2023-01-27 19:00:00,"North Greenville","Harvard",0,3,69,76,0.475862068965517,0.524137931034483,"Harvard","North Greenville",3,2023-01-27
"166","5394947",2023-01-27 18:00:00,"Mount Olive","Morehouse",3,0,75,38,0.663716814159292,0.336283185840708,"Mount Olive","Morehouse",3,2023-01-27
"167","5394841",2023-01-27 18:00:00,"King (TN)","Fort Valley St.",3,2,113,116,0.493449781659389,0.506550218340611,"King (TN)","Fort Valley St.",5,2023-01-27
"168","5395211",2023-01-27 22:00:00,"BYU","UC Irvine",3,2,106,105,0.502369668246445,0.497630331753554,"BYU","UC Irvine",5,2023-01-27
"169","5394948",2023-01-27 19:00:00,"Thomas More","Charleston (WV)",0,3,49,75,0.395161290322581,0.604838709677419,"Charleston (WV)","Thomas More",3,2023-01-27
"170","5394977",2023-01-27 19:00:00,"Edward Waters","Limestone",0,3,61,75,0.448529411764706,0.551470588235294,"Limestone","Edward Waters",3,2023-01-27
"171","5395055",2023-01-27 20:00:00,"Missouri S&T","Quincy",0,3,64,76,0.457142857142857,0.542857142857143,"Quincy","Missouri S&T",3,2023-01-27
"172","5395176",2023-01-27 19:00:00,"Tusculum","Alderson Broaddus",3,1,102,86,0.542553191489362,0.457446808510638,"Tusculum","Alderson Broaddus",4,2023-01-27
"173","5402984",2023-01-27 19:00:00,"Central St. (OH)","D'Youville",1,3,89,98,0.475935828877005,0.524064171122995,"D'Youville","Central St. (OH)",4,2023-01-27
"174","5396394",2023-01-28 19:30:00,"Hawaii","Barton",3,0,75,44,0.630252100840336,0.369747899159664,"Hawaii","Barton",3,2023-01-28
"175","5396055",2023-01-28 17:00:00,"Sacred Heart","Ball St.",0,3,48,75,0.390243902439024,0.609756097560976,"Ball St.","Sacred Heart",3,2023-01-28
"176","5396275",2023-01-28 19:00:00,"St. Francis Brooklyn","Loyola Chicago",0,3,53,75,0.4140625,0.5859375,"Loyola Chicago","St. Francis Brooklyn",3,2023-01-28
"177","5397914",2023-01-28 20:00:00,"Maryville (MO)","Lewis",0,3,52,75,0.409448818897638,0.590551181102362,"Lewis","Maryville (MO)",3,2023-01-28
"178","5396117",2023-01-28 17:00:00,"Pepperdine","George Mason",3,0,75,46,0.619834710743802,0.380165289256198,"Pepperdine","George Mason",3,2023-01-28
"179","5396328",2023-01-28 19:00:00,"McKendree","Harvard",3,2,107,101,0.514423076923077,0.485576923076923,"McKendree","Harvard",5,2023-01-28
"180","5395679",2023-01-28 15:00:00,"Queens (NC)","Purdue Fort Wayne",0,3,66,75,0.468085106382979,0.531914893617021,"Purdue Fort Wayne","Queens (NC)",3,2023-01-28
"181","5422603",2023-01-28 16:00:00,"Saint Francis (PA)","North Greenville",2,3,103,104,0.497584541062802,0.502415458937198,"North Greenville","Saint Francis (PA)",5,2023-01-28
"182","5396107",2023-01-28 17:00:00,"Mount Olive","Fort Valley St.",3,0,75,61,0.551470588235294,0.448529411764706,"Mount Olive","Fort Valley St.",3,2023-01-28
"183","5396205",2023-01-28 19:00:00,"Erskine","UC San Diego",0,3,56,75,0.427480916030534,0.572519083969466,"UC San Diego","Erskine",3,2023-01-28
"184","5396407",2023-01-28 21:00:00,"Stanford","UC Santa Cruz",3,0,75,63,0.543478260869565,0.456521739130435,"Stanford","UC Santa Cruz",3,2023-01-28
"185","5396274",2023-01-28 19:00:00,"Tusculum","Charleston (WV)",0,3,49,75,0.395161290322581,0.604838709677419,"Charleston (WV)","Tusculum",3,2023-01-28
"186","5395839",2023-01-28 15:00:00,"Limestone","Cumberland (TN)",3,0,75,51,0.595238095238095,0.404761904761905,"Limestone","Cumberland (TN)",3,2023-01-28
"187","5395311",2023-01-28 13:00:00,"Central St. (OH)","Daemen",0,3,49,75,0.395161290322581,0.604838709677419,"Daemen","Central St. (OH)",3,2023-01-28
"188","5395653",2023-01-28 15:00:00,"St. Andrews","Lees-McRae",0,3,56,75,0.427480916030534,0.572519083969466,"Lees-McRae","St. Andrews",3,2023-01-28
"189","5398397",2023-01-28 14:00:00,"Thomas More","Alderson Broaddus",3,2,99,95,0.510309278350515,0.489690721649485,"Thomas More","Alderson Broaddus",5,2023-01-28
"190","5397853",2023-01-28 00:00:00,"Benedict","Truett-McConnell",3,0,75,51,0.595238095238095,0.404761904761905,"Benedict","Truett-McConnell",3,2023-01-28
"191","5395194",2023-01-28 11:00:00,"American Int'l","Eastern Nazarene",1,3,93,89,0.510989010989011,0.489010989010989,"Eastern Nazarene","American Int'l",4,2023-01-28
"192","5395367",2023-01-28 13:00:00,"American Int'l","Emerson",3,0,75,54,0.581395348837209,0.418604651162791,"American Int'l","Emerson",3,2023-01-28
"193","5395358",2023-01-28 13:00:00,"Culver-Stockton","Kentucky St.",2,3,98,100,0.494949494949495,0.505050505050505,"Kentucky St.","Culver-Stockton",5,2023-01-28
"194","5397846",2023-01-28 13:30:00,"Morehouse","Reinhardt",0,3,39,75,0.342105263157895,0.657894736842105,"Reinhardt","Morehouse",3,2023-01-28
"195","5397840",2023-01-28 13:30:00,"Rio Grande","Morehouse",3,0,75,53,0.5859375,0.4140625,"Rio Grande","Morehouse",3,2023-01-28
"196","5396611",2023-01-29 16:00:00,"UC San Diego","Grand Canyon",0,3,61,75,0.448529411764706,0.551470588235294,"Grand Canyon","UC San Diego",3,2023-01-29
"197","5396577",2023-01-29 14:00:00,"Daemen","St. John Fisher",3,2,108,100,0.519230769230769,0.480769230769231,"Daemen","St. John Fisher",5,2023-01-29
"198","5396528",2023-01-29 13:00:00,"Central St. (OH)","Merrimack",2,3,107,103,0.509523809523809,0.49047619047619,"Merrimack","Central St. (OH)",5,2023-01-29
"199","5396559",2023-01-29 16:00:00,"Campbellsville","Fort Valley St.",1,3,91,95,0.489247311827957,0.510752688172043,"Fort Valley St.","Campbellsville",4,2023-01-29
"200","5421999",2023-01-31 22:00:00,"UCLA","George Mason",3,0,75,55,0.576923076923077,0.423076923076923,"UCLA","George Mason",3,2023-01-31
"201","5397072",2023-01-31 19:00:00,"King (TN)","Lincoln Memorial",0,3,61,76,0.445255474452555,0.554744525547445,"Lincoln Memorial","King (TN)",3,2023-01-31
"202","5397171",2023-01-31 20:00:00,"Lees-McRae","Grand Canyon",0,3,54,75,0.418604651162791,0.581395348837209,"Grand Canyon","Lees-McRae",3,2023-01-31
"203","5397064",2023-01-31 18:00:00,"Emmanuel (GA)","Fort Valley St.",3,1,95,89,0.516304347826087,0.483695652173913,"Emmanuel (GA)","Fort Valley St.",4,2023-01-31
"204","5397811",2023-02-01 22:00:00,"UC Santa Barbara","Pepperdine",0,3,65,75,0.464285714285714,0.535714285714286,"Pepperdine","UC Santa Barbara",3,2023-02-01
"205","5397735",2023-02-01 20:00:00,"Lees-McRae","Grand Canyon",1,3,76,98,0.436781609195402,0.563218390804598,"Grand Canyon","Lees-McRae",4,2023-02-01
"206","5397634",2023-02-01 18:00:00,"North Greenville","Limestone",2,3,105,107,0.495283018867925,0.504716981132076,"Limestone","North Greenville",5,2023-02-01
"207","5397796",2023-02-01 22:00:00,"Vanguard","CSUN",3,0,75,59,0.559701492537313,0.440298507462687,"Vanguard","CSUN",3,2023-02-01
"208","5397594",2023-02-01 20:00:00,"Maryville (MO)","Missouri S&T",0,3,52,75,0.409448818897638,0.590551181102362,"Missouri S&T","Maryville (MO)",3,2023-02-01
"209","5398076",2023-02-02 19:00:00,"BYU","Ball St.",3,1,101,95,0.51530612244898,0.48469387755102,"BYU","Ball St.",4,2023-02-02
"210","5398295",2023-02-02 22:00:00,"Loyola Chicago","CUI",1,3,84,97,0.464088397790055,0.535911602209945,"CUI","Loyola Chicago",4,2023-02-02
"211","5398282",2023-02-02 19:00:00,"Lees-McRae","Park (AZ)",3,0,75,57,0.568181818181818,0.431818181818182,"Lees-McRae","Park (AZ)",3,2023-02-02
"212","5398867",2023-02-03 22:00:00,"Loyola Chicago","Long Beach St.",2,3,105,113,0.481651376146789,0.518348623853211,"Long Beach St.","Loyola Chicago",5,2023-02-03
"213","5398656",2023-02-03 16:00:00,"Southern California","Penn St.",1,3,91,103,0.469072164948454,0.530927835051546,"Penn St.","Southern California",4,2023-02-03
"214","5399645",2023-02-03 19:00:00,"BYU","Ball St.",1,3,91,99,0.478947368421053,0.521052631578947,"Ball St.","BYU",4,2023-02-03
"215","5421746",2023-02-03 16:00:00,"UCLA","Ohio St.",3,1,98,90,0.521276595744681,0.478723404255319,"UCLA","Ohio St.",4,2023-02-03
"216","5398854",2023-02-03 22:00:00,"Pepperdine","UC Santa Barbara",2,3,94,102,0.479591836734694,0.520408163265306,"UC Santa Barbara","Pepperdine",5,2023-02-03
"217","5398561",2023-02-03 19:00:00,"Central St. (OH)","Lincoln Memorial",0,3,57,75,0.431818181818182,0.568181818181818,"Lincoln Memorial","Central St. (OH)",3,2023-02-03
"218","5398652",2023-02-03 19:30:00,"Lewis","George Mason",0,3,60,75,0.444444444444444,0.555555555555556,"George Mason","Lewis",3,2023-02-03
"219","5398606",2023-02-03 19:00:00,"Sacred Heart","Princeton",1,3,77,98,0.44,0.56,"Princeton","Sacred Heart",4,2023-02-03
"220","5398708",2023-02-03 20:00:00,"Missouri S&T","McKendree",1,3,63,98,0.391304347826087,0.608695652173913,"McKendree","Missouri S&T",4,2023-02-03
"221","5414111",2023-02-03 20:00:00,"UC Irvine","Grand Canyon",1,3,85,87,0.494186046511628,0.505813953488372,"Grand Canyon","UC Irvine",4,2023-02-03
"222","5398407",2023-02-03 17:00:00,"Purdue Fort Wayne","Mount Olive",3,0,77,65,0.542253521126761,0.457746478873239,"Purdue Fort Wayne","Mount Olive",3,2023-02-03
"223","5398377",2023-02-03 16:00:00,"Saint Francis (PA)","NJIT",0,3,65,75,0.464285714285714,0.535714285714286,"NJIT","Saint Francis (PA)",3,2023-02-03
"224","5398462",2023-02-03 18:00:00,"Campbellsville","North Greenville",0,3,44,75,0.369747899159664,0.630252100840336,"North Greenville","Campbellsville",3,2023-02-03
"225","5398827",2023-02-03 22:00:00,"Ottawa (AZ)","UC San Diego",0,3,51,75,0.404761904761905,0.595238095238095,"UC San Diego","Ottawa (AZ)",3,2023-02-03
"226","5398504",2023-02-03 18:00:00,"King (TN)","Queens (NC)",3,1,100,86,0.537634408602151,0.462365591397849,"King (TN)","Queens (NC)",4,2023-02-03
"227","5398586",2023-02-03 19:00:00,"Daemen","Harvard",3,1,106,92,0.535353535353535,0.464646464646465,"Daemen","Harvard",4,2023-02-03
"228","5398765",2023-02-03 20:00:00,"Stanford","CSUN",2,3,105,109,0.490654205607477,0.509345794392523,"CSUN","Stanford",5,2023-02-03
"229","5398689",2023-02-03 19:00:00,"LIU","Lindenwood",3,0,75,65,0.535714285714286,0.464285714285714,"LIU","Lindenwood",3,2023-02-03
"230","5398522",2023-02-03 19:00:00,"Culver-Stockton","Maryville (MO)",0,3,43,75,0.364406779661017,0.635593220338983,"Maryville (MO)","Culver-Stockton",3,2023-02-03
"231","5398914",2023-02-03 19:00:00,"Erskine","Alderson Broaddus",3,0,77,62,0.553956834532374,0.446043165467626,"Erskine","Alderson Broaddus",3,2023-02-03
"232","5398525",2023-02-03 18:30:00,"Merrimack","American Int'l",3,1,95,87,0.521978021978022,0.478021978021978,"Merrimack","American Int'l",4,2023-02-03
"233","5406417",2023-02-03 19:00:00,"Kentucky St.","Thomas More",0,3,52,75,0.409448818897638,0.590551181102362,"Thomas More","Kentucky St.",3,2023-02-03
"234","5400198",2023-02-04 00:00:00,"UCLA","Penn St.",1,3,82,93,0.468571428571429,0.531428571428571,"Penn St.","UCLA",4,2023-02-04
"235","5399820",2023-02-04 16:00:00,"Southern California","Ohio St.",1,3,82,95,0.463276836158192,0.536723163841808,"Ohio St.","Southern California",4,2023-02-04
"236","5399171",2023-02-04 14:00:00,"Central St. (OH)","Lincoln Memorial",0,3,63,76,0.453237410071942,0.546762589928058,"Lincoln Memorial","Central St. (OH)",3,2023-02-04
"237","5399877",2023-02-04 16:00:00,"Mount Olive","Lewis",0,3,55,75,0.423076923076923,0.576923076923077,"Lewis","Mount Olive",3,2023-02-04
"238","5400289",2023-02-04 19:30:00,"LIU","McKendree",0,3,66,76,0.464788732394366,0.535211267605634,"McKendree","LIU",3,2023-02-04
"239","5400175",2023-02-04 18:00:00,"UC Irvine","Grand Canyon",2,3,111,109,0.504545454545455,0.495454545454545,"Grand Canyon","UC Irvine",5,2023-02-04
"240","5405395",2023-02-04 19:00:00,"Purdue Fort Wayne","George Mason",3,2,116,115,0.502164502164502,0.497835497835498,"Purdue Fort Wayne","George Mason",5,2023-02-04
"241","5400062",2023-02-04 17:00:00,"Fort Valley St.","King (TN)",2,3,105,115,0.477272727272727,0.522727272727273,"King (TN)","Fort Valley St.",5,2023-02-04
"242","5401332",2023-02-04 16:00:00,"Alderson Broaddus","Saint Francis (PA)",0,3,55,75,0.423076923076923,0.576923076923077,"Saint Francis (PA)","Alderson Broaddus",3,2023-02-04
"243","5400127",2023-02-04 18:00:00,"Queens (NC)","Barton",3,1,107,98,0.521951219512195,0.478048780487805,"Queens (NC)","Barton",4,2023-02-04
"244","5399687",2023-02-04 16:00:00,"Stanford","Master's",3,0,75,62,0.547445255474453,0.452554744525547,"Stanford","Master's",3,2023-02-04
"245","5400333",2023-02-04 01:00:00,"Missouri S&T","Lindenwood",0,3,54,75,0.418604651162791,0.581395348837209,"Lindenwood","Missouri S&T",3,2023-02-04
"246","5399187",2023-02-04 14:00:00,"Erskine","Charleston (WV)",0,3,51,75,0.404761904761905,0.595238095238095,"Charleston (WV)","Erskine",3,2023-02-04
"247","5398955",2023-02-04 12:00:00,"Daemen","American Int'l",3,0,75,36,0.675675675675676,0.324324324324324,"Daemen","American Int'l",3,2023-02-04
"248","5399366",2023-02-04 15:00:00,"St. Ambrose","Quincy",0,3,37,75,0.330357142857143,0.669642857142857,"Quincy","St. Ambrose",3,2023-02-04
"249","5400040",2023-02-04 18:00:00,"Grand View","Quincy",3,0,75,58,0.56390977443609,0.43609022556391,"Grand View","Quincy",3,2023-02-04
"250","5403772",2023-02-07 17:00:00,"Charleston (WV)","Alderson Broaddus",3,0,75,49,0.604838709677419,0.395161290322581,"Charleston (WV)","Alderson Broaddus",3,2023-02-07
"251","5401570",2023-02-07 19:00:00,"Sacred Heart","American Int'l",3,1,94,80,0.540229885057471,0.459770114942529,"Sacred Heart","American Int'l",4,2023-02-07
"252","5406110",2023-02-07 19:00:00,"Central St. (OH)","Thomas More",1,3,84,97,0.464088397790055,0.535911602209945,"Thomas More","Central St. (OH)",4,2023-02-07
"253","5401649",2023-02-07 18:00:00,"Reinhardt","Fort Valley St.",3,1,97,84,0.535911602209945,0.464088397790055,"Reinhardt","Fort Valley St.",4,2023-02-07
"254","5401485",2023-02-07 18:00:00,"Truett-McConnell","Benedict",1,3,85,99,0.46195652173913,0.53804347826087,"Benedict","Truett-McConnell",4,2023-02-07
"255","5406418",2023-02-07 18:00:00,"Kentucky St.","Campbellsville",0,3,44,75,0.369747899159664,0.630252100840336,"Campbellsville","Kentucky St.",3,2023-02-07
"256","5401562",2023-02-07 19:00:00,"Life (GA)","Morehouse",3,0,75,37,0.669642857142857,0.330357142857143,"Life (GA)","Morehouse",3,2023-02-07
"257","5402280",2023-02-08 22:00:00,"UC Irvine","Pepperdine",3,2,116,110,0.513274336283186,0.486725663716814,"UC Irvine","Pepperdine",5,2023-02-08
"258","5402097",2023-02-08 19:00:00,"CSUN","Princeton",3,2,106,116,0.477477477477477,0.522522522522523,"CSUN","Princeton",5,2023-02-08
"259","5402077",2023-02-08 20:00:00,"Purdue Fort Wayne","Maryville (MO)",3,0,75,53,0.5859375,0.4140625,"Purdue Fort Wayne","Maryville (MO)",3,2023-02-08
"260","5402052",2023-02-08 19:00:00,"North Greenville","King (TN)",2,3,105,108,0.492957746478873,0.507042253521127,"King (TN)","North Greenville",5,2023-02-08
"261","5401908",2023-02-08 19:00:00,"Merrimack","Harvard",0,3,61,75,0.448529411764706,0.551470588235294,"Harvard","Merrimack",3,2023-02-08
"262","5402073",2023-02-08 19:00:00,"Belmont Abbey","Erskine",2,3,104,110,0.485981308411215,0.514018691588785,"Erskine","Belmont Abbey",5,2023-02-08
"263","5402761",2023-02-09 23:00:00,"Long Beach St.","UCLA",0,3,60,75,0.444444444444444,0.555555555555556,"UCLA","Long Beach St.",3,2023-02-09
"264","5402603",2023-02-09 19:00:00,"Lewis","Ball St.",3,2,107,111,0.490825688073394,0.509174311926605,"Lewis","Ball St.",5,2023-02-09
"265","5402568",2023-02-09 19:00:00,"McKendree","Ohio St.",1,3,87,97,0.472826086956522,0.527173913043478,"Ohio St.","McKendree",4,2023-02-09
"266","5402464",2023-02-09 18:00:00,"Queens (NC)","Tusculum",3,0,75,62,0.547445255474453,0.452554744525547,"Queens (NC)","Tusculum",3,2023-02-09
"267","5402411",2023-02-09 16:00:00,"Wittenberg","Charleston (WV)",0,3,53,76,0.410852713178295,0.589147286821705,"Charleston (WV)","Wittenberg",3,2023-02-09
"268","5402567",2023-02-09 20:00:00,"Rio Grande","Charleston (WV)",0,3,49,75,0.395161290322581,0.604838709677419,"Charleston (WV)","Rio Grande",3,2023-02-09
"269","5402759",2023-02-09 22:00:00,"Benedictine Mesa","CUI",3,2,104,95,0.522613065326633,0.477386934673367,"Benedictine Mesa","CUI",5,2023-02-09
"270","5403599",2023-02-10 22:00:00,"Hawaii","Stanford",3,0,76,65,0.539007092198582,0.460992907801418,"Hawaii","Stanford",3,2023-02-10
"271","5403631",2023-02-10 22:00:00,"UCLA","Long Beach St.",3,1,93,92,0.502702702702703,0.497297297297297,"UCLA","Long Beach St.",4,2023-02-10
"272","5403390",2023-02-10 20:00:00,"Loyola Chicago","Quincy",3,0,75,58,0.56390977443609,0.43609022556391,"Loyola Chicago","Quincy",3,2023-02-10
"273","5403608",2023-02-10 21:00:00,"UC Santa Barbara","BYU",1,3,87,97,0.472826086956522,0.527173913043478,"BYU","UC Santa Barbara",4,2023-02-10
"274","5403625",2023-02-10 17:00:00,"Queens (NC)","Lincoln Memorial",1,3,96,98,0.494845360824742,0.505154639175258,"Lincoln Memorial","Queens (NC)",4,2023-02-10
"275","5403629",2023-02-10 22:00:00,"Pepperdine","UC Irvine",1,3,82,98,0.455555555555556,0.544444444444444,"UC Irvine","Pepperdine",4,2023-02-10
"276","5403387",2023-02-10 20:00:00,"Arizona Christian","Grand Canyon",0,3,53,75,0.4140625,0.5859375,"Grand Canyon","Arizona Christian",3,2023-02-10
"277","5403571",2023-02-10 20:00:00,"Purdue Fort Wayne","Lindenwood",2,3,105,111,0.486111111111111,0.513888888888889,"Lindenwood","Purdue Fort Wayne",5,2023-02-10
"278","5403436",2023-02-10 19:00:00,"CSUN","NJIT",3,2,114,110,0.508928571428571,0.491071428571429,"CSUN","NJIT",5,2023-02-10
"279","5403194",2023-02-10 19:00:00,"Barton","North Greenville",0,3,46,75,0.380165289256198,0.619834710743802,"North Greenville","Barton",3,2023-02-10
"280","5403370",2023-02-10 19:00:00,"Mount Olive","Belmont Abbey",0,3,57,75,0.431818181818182,0.568181818181818,"Belmont Abbey","Mount Olive",3,2023-02-10
"281","5403277",2023-02-10 19:00:00,"Emmanuel (GA)","King (TN)",1,3,81,97,0.455056179775281,0.544943820224719,"King (TN)","Emmanuel (GA)",4,2023-02-10
"282","5403160",2023-02-10 18:00:00,"Saint Francis (PA)","FDU",3,0,75,60,0.555555555555556,0.444444444444444,"Saint Francis (PA)","FDU",3,2023-02-10
"283","5403267",2023-02-10 19:00:00,"Limestone","Tusculum",3,0,76,67,0.531468531468531,0.468531468531469,"Limestone","Tusculum",3,2023-02-10
"284","5403225",2023-02-10 19:00:00,"Daemen","D'Youville",3,0,75,53,0.5859375,0.4140625,"Daemen","D'Youville",3,2023-02-10
"285","5403627",2023-02-10 22:00:00,"Master's","CUI",3,1,97,91,0.515957446808511,0.484042553191489,"Master's","CUI",4,2023-02-10
"286","5403548",2023-02-10 20:00:00,"Maryville (MO)","Central St. (OH)",3,0,76,65,0.539007092198582,0.460992907801418,"Maryville (MO)","Central St. (OH)",3,2023-02-10
"287","5403221",2023-02-10 19:00:00,"Erskine","Lees-McRae",0,3,61,78,0.438848920863309,0.561151079136691,"Lees-McRae","Erskine",3,2023-02-10
"288","5403264",2023-02-10 17:00:00,"Missouri S&T","Alderson Broaddus",3,2,106,101,0.51207729468599,0.48792270531401,"Missouri S&T","Alderson Broaddus",5,2023-02-10
"289","5403255",2023-02-10 18:30:00,"King's (PA)","American Int'l",3,1,100,92,0.520833333333333,0.479166666666667,"King's (PA)","American Int'l",4,2023-02-10
"290","5406259",2023-02-10 19:00:00,"St. Andrews","Morehouse",3,0,75,53,0.5859375,0.4140625,"St. Andrews","Morehouse",3,2023-02-10
"291","5405412",2023-02-11 21:00:00,"Hawaii","Stanford",3,0,77,63,0.55,0.45,"Hawaii","Stanford",3,2023-02-11
"292","5405326",2023-02-11 19:00:00,"Penn St.","Saint Francis (PA)",3,2,110,105,0.511627906976744,0.488372093023256,"Penn St.","Saint Francis (PA)",5,2023-02-11
"293","5405166",2023-02-11 17:00:00,"McKendree","Ball St.",1,3,89,98,0.475935828877005,0.524064171122995,"Ball St.","McKendree",4,2023-02-11
"294","5405430",2023-02-11 20:00:00,"Loyola Chicago","Lindenwood",3,2,110,112,0.495495495495495,0.504504504504504,"Loyola Chicago","Lindenwood",5,2023-02-11
"295","5405472",2023-02-11 21:00:00,"UC Santa Barbara","BYU",1,3,81,94,0.462857142857143,0.537142857142857,"BYU","UC Santa Barbara",4,2023-02-11
"296","5404093",2023-02-11 14:00:00,"Limestone","Lincoln Memorial",0,3,61,76,0.445255474452555,0.554744525547445,"Lincoln Memorial","Limestone",3,2023-02-11
"297","5405225",2023-02-11 19:00:00,"Lewis","Ohio St.",0,3,64,75,0.460431654676259,0.539568345323741,"Ohio St.","Lewis",3,2023-02-11
"298","5404888",2023-02-11 17:00:00,"St. Francis Brooklyn","Princeton",0,3,57,75,0.431818181818182,0.568181818181818,"Princeton","St. Francis Brooklyn",3,2023-02-11
"299","5405294",2023-02-11 20:00:00,"Purdue Fort Wayne","Quincy",3,0,75,50,0.6,0.4,"Purdue Fort Wayne","Quincy",3,2023-02-11
"300","5404085",2023-02-11 18:00:00,"Mount Olive","North Greenville",0,3,58,75,0.43609022556391,0.56390977443609,"North Greenville","Mount Olive",3,2023-02-11
"301","5404336",2023-02-11 14:00:00,"Erskine","King (TN)",2,3,103,113,0.476851851851852,0.523148148148148,"King (TN)","Erskine",5,2023-02-11
"302","5403802",2023-02-11 12:00:00,"CSUN","FDU",3,0,75,49,0.604838709677419,0.395161290322581,"CSUN","FDU",3,2023-02-11
"303","5408094",2023-02-11 14:00:00,"Emmanuel (GA)","Lees-McRae",1,3,83,96,0.463687150837989,0.536312849162011,"Lees-McRae","Emmanuel (GA)",4,2023-02-11
"304","5403825",2023-02-11 12:00:00,"Barton","Belmont Abbey",1,3,82,97,0.458100558659218,0.541899441340782,"Belmont Abbey","Barton",4,2023-02-11
"305","5405407",2023-02-11 21:00:00,"Alderson Broaddus","Maryville (MO)",0,3,61,75,0.448529411764706,0.551470588235294,"Maryville (MO)","Alderson Broaddus",3,2023-02-11
"306","5404551",2023-02-11 14:00:00,"Missouri S&T","Central St. (OH)",3,2,111,99,0.528571428571429,0.471428571428571,"Missouri S&T","Central St. (OH)",5,2023-02-11
"307","5405070",2023-02-11 17:00:00,"Central St. (OH)","Alderson Broaddus",3,0,75,60,0.555555555555556,0.444444444444444,"Central St. (OH)","Alderson Broaddus",3,2023-02-11
"308","5406419",2023-02-11 13:30:00,"St. Andrews","Kentucky St.",3,0,75,62,0.547445255474453,0.452554744525547,"St. Andrews","Kentucky St.",3,2023-02-11
"309","5406398",2023-02-11 16:00:00,"Kentucky St.","Reinhardt",0,3,45,75,0.375,0.625,"Reinhardt","Kentucky St.",3,2023-02-11
"310","5407120",2023-02-14 19:00:00,"Lincoln Memorial","Tusculum",3,0,75,38,0.663716814159292,0.336283185840708,"Lincoln Memorial","Tusculum",3,2023-02-14
"311","5407139",2023-02-14 19:00:00,"Belmont Abbey","North Greenville",1,3,93,97,0.489473684210526,0.510526315789474,"North Greenville","Belmont Abbey",4,2023-02-14
"312","5407185",2023-02-14 20:00:00,"Westcliff","UC San Diego",0,3,51,76,0.401574803149606,0.598425196850394,"UC San Diego","Westcliff",3,2023-02-14
"313","5407245",2023-02-14 19:00:00,"King (TN)","Lees-McRae",2,3,104,116,0.472727272727273,0.527272727272727,"Lees-McRae","King (TN)",5,2023-02-14
"314","5407961",2023-02-15 22:00:00,"Grand Canyon","Southern California",3,1,101,93,0.520618556701031,0.479381443298969,"Grand Canyon","Southern California",4,2023-02-15
"315","5408693",2023-02-15 20:00:00,"Quincy","Lewis",0,3,52,75,0.409448818897638,0.590551181102362,"Lewis","Quincy",3,2023-02-15
"316","5407915",2023-02-15 20:00:00,"Lindenwood","McKendree",3,1,98,94,0.510416666666667,0.489583333333333,"Lindenwood","McKendree",4,2023-02-15
"317","5407565",2023-02-15 18:00:00,"Queens (NC)","Mount Olive",3,0,75,59,0.559701492537313,0.440298507462687,"Queens (NC)","Mount Olive",3,2023-02-15
"318","5407760",2023-02-15 19:00:00,"Limestone","Emmanuel (GA)",2,3,97,101,0.48989898989899,0.51010101010101,"Emmanuel (GA)","Limestone",5,2023-02-15
"319","5407919",2023-02-15 20:00:00,"Maryville (MO)","Fontbonne",2,3,105,105,0.5,0.5,"Fontbonne","Maryville (MO)",5,2023-02-15
"320","5408450",2023-02-16 20:00:00,"Ball St.","Loyola Chicago",1,3,89,98,0.475935828877005,0.524064171122995,"Loyola Chicago","Ball St.",4,2023-02-16
"321","5408463",2023-02-16 20:00:00,"Ohio St.","Purdue Fort Wayne",3,1,107,92,0.537688442211055,0.462311557788945,"Ohio St.","Purdue Fort Wayne",4,2023-02-16
"322","5408397",2023-02-16 19:00:00,"King (TN)","Belmont Abbey",1,3,91,91,0.5,0.5,"Belmont Abbey","King (TN)",4,2023-02-16
"323","5408554",2023-02-16 22:00:00,"Benedictine (IL)","CSUN",0,3,61,76,0.445255474452555,0.554744525547445,"CSUN","Benedictine (IL)",3,2023-02-16
"324","5408307",2023-02-16 19:00:00,"Fort Valley St.","Lees-McRae",3,1,90,84,0.517241379310345,0.482758620689655,"Fort Valley St.","Lees-McRae",4,2023-02-16
"325","5408579",2023-02-17 00:00:00,"CUI","Hawaii",1,3,77,97,0.442528735632184,0.557471264367816,"Hawaii","CUI",4,2023-02-17
"326","5409508",2023-02-17 22:00:00,"NJIT","Long Beach St.",0,3,58,76,0.432835820895522,0.567164179104478,"Long Beach St.","NJIT",3,2023-02-17
"327","5409122",2023-02-17 19:00:00,"Princeton","Penn St.",0,3,61,75,0.448529411764706,0.551470588235294,"Penn St.","Princeton",3,2023-02-17
"328","5409506",2023-02-17 22:00:00,"BYU","UCLA",0,3,60,75,0.444444444444444,0.555555555555556,"UCLA","BYU",3,2023-02-17
"329","5409524",2023-02-17 22:00:00,"Grand Canyon","Southern California",3,1,96,89,0.518918918918919,0.481081081081081,"Grand Canyon","Southern California",4,2023-02-17
"330","5409498",2023-02-17 20:00:00,"Lindenwood","Lewis",3,2,107,105,0.504716981132076,0.495283018867925,"Lindenwood","Lewis",5,2023-02-17
"331","5409482",2023-02-17 22:00:00,"Pepperdine","Stanford",3,0,75,57,0.568181818181818,0.431818181818182,"Pepperdine","Stanford",3,2023-02-17
"332","5409232",2023-02-17 20:00:00,"Quincy","McKendree",0,3,65,75,0.464285714285714,0.535714285714286,"McKendree","Quincy",3,2023-02-17
"333","5409166",2023-02-17 19:00:00,"Emmanuel (GA)","Mount Olive",3,1,97,83,0.538888888888889,0.461111111111111,"Emmanuel (GA)","Mount Olive",4,2023-02-17
"334","5409091",2023-02-17 19:00:00,"Harvard","Charleston (WV)",0,3,59,75,0.440298507462687,0.559701492537313,"Charleston (WV)","Harvard",3,2023-02-17
"335","5409250",2023-02-17 19:00:00,"Daemen","Merrimack",3,2,107,100,0.516908212560386,0.483091787439614,"Daemen","Merrimack",5,2023-02-17
"336","5409174",2023-02-17 19:00:00,"Fort Valley St.","Belmont Abbey",1,3,79,98,0.446327683615819,0.553672316384181,"Belmont Abbey","Fort Valley St.",4,2023-02-17
"337","5409167",2023-02-17 19:00:00,"Erskine","Barton",3,1,100,93,0.518134715025907,0.481865284974093,"Erskine","Barton",4,2023-02-17
"338","5409035",2023-02-17 19:00:00,"D'Youville","Sacred Heart",0,3,52,75,0.409448818897638,0.590551181102362,"Sacred Heart","D'Youville",3,2023-02-17
"339","5409628",2023-02-17 17:00:00,"FDU","LIU",0,3,54,75,0.418604651162791,0.581395348837209,"LIU","FDU",3,2023-02-17
"340","5408909",2023-02-17 17:00:00,"Central St. (OH)","Adrian",3,1,95,74,0.562130177514793,0.437869822485207,"Central St. (OH)","Adrian",4,2023-02-17
"341","5408726",2023-02-17 14:00:00,"CarolinaU","Alderson Broaddus",1,3,88,95,0.480874316939891,0.519125683060109,"Alderson Broaddus","CarolinaU",4,2023-02-17
"342","5408799",2023-02-17 16:00:00,"CarolinaU","Alderson Broaddus",0,3,55,75,0.423076923076923,0.576923076923077,"Alderson Broaddus","CarolinaU",3,2023-02-17
"343","5413809",2023-02-17 18:00:00,"Thomas More","Kentucky St.",3,0,75,50,0.6,0.4,"Thomas More","Kentucky St.",3,2023-02-17
"344","5409569",2023-02-18 00:00:00,"CUI","Hawaii",0,3,58,75,0.43609022556391,0.56390977443609,"Hawaii","CUI",3,2023-02-18
"345","5411975",2023-02-18 22:30:00,"NJIT","Long Beach St.",0,3,45,75,0.375,0.625,"Long Beach St.","NJIT",3,2023-02-18
"346","5410701",2023-02-18 16:00:00,"Princeton","Penn St.",0,3,54,75,0.418604651162791,0.581395348837209,"Penn St.","Princeton",3,2023-02-18
"347","5411680",2023-02-18 19:00:00,"Ball St.","Purdue Fort Wayne",3,2,108,101,0.516746411483254,0.483253588516746,"Ball St.","Purdue Fort Wayne",5,2023-02-18
"348","5411687",2023-02-18 20:00:00,"BYU","UCLA",0,3,56,75,0.427480916030534,0.572519083969466,"UCLA","BYU",3,2023-02-18
"349","5411694",2023-02-18 20:00:00,"Ohio St.","Loyola Chicago",0,3,59,75,0.440298507462687,0.559701492537313,"Loyola Chicago","Ohio St.",3,2023-02-18
"350","5411865",2023-02-18 20:00:00,"Pepperdine","Stanford",2,3,99,108,0.478260869565217,0.521739130434783,"Stanford","Pepperdine",5,2023-02-18
"351","5410165",2023-02-18 14:00:00,"Lees-McRae","North Greenville",1,3,85,96,0.469613259668508,0.530386740331492,"North Greenville","Lees-McRae",4,2023-02-18
"352","5410293",2023-02-18 14:00:00,"Erskine","Mount Olive",3,1,97,87,0.527173913043478,0.472826086956522,"Erskine","Mount Olive",4,2023-02-18
"353","5411753",2023-02-18 17:00:00,"King (TN)","George Mason",0,3,48,75,0.390243902439024,0.609756097560976,"George Mason","King (TN)",3,2023-02-18
"354","5409989",2023-02-18 14:00:00,"Harvard","Charleston (WV)",0,3,40,75,0.347826086956522,0.652173913043478,"Charleston (WV)","Harvard",3,2023-02-18
"355","5411683",2023-02-18 19:00:00,"Saint Francis (PA)","LIU",2,3,108,108,0.5,0.5,"LIU","Saint Francis (PA)",5,2023-02-18
"356","5410334",2023-02-18 14:00:00,"Emmanuel (GA)","Barton",1,3,88,96,0.478260869565217,0.521739130434783,"Barton","Emmanuel (GA)",4,2023-02-18
"357","5410137",2023-02-18 14:00:00,"Fort Valley St.","Limestone",1,3,76,100,0.431818181818182,0.568181818181818,"Limestone","Fort Valley St.",4,2023-02-18
"358","5411427",2023-02-18 18:00:00,"FDU","St. Francis Brooklyn",1,3,85,101,0.456989247311828,0.543010752688172,"St. Francis Brooklyn","FDU",4,2023-02-18
"359","5409701",2023-02-18 12:00:00,"Central St. (OH)","Thiel",3,1,94,82,0.534090909090909,0.465909090909091,"Central St. (OH)","Thiel",4,2023-02-18
"360","5410049",2023-02-18 15:00:00,"Central St. (OH)","Maranatha Baptist",3,0,75,38,0.663716814159292,0.336283185840708,"Central St. (OH)","Maranatha Baptist",3,2023-02-18
"361","5411721",2023-02-18 19:30:00,"D'Youville","Merrimack",2,3,94,105,0.472361809045226,0.527638190954774,"Merrimack","D'Youville",5,2023-02-18
"362","5412833",2023-02-18 14:00:00,"Midway","Kentucky St.",3,0,76,57,0.571428571428571,0.428571428571429,"Midway","Kentucky St.",3,2023-02-18
"363","5412248",2023-02-19 11:00:00,"Daemen","Sacred Heart",3,2,117,101,0.536697247706422,0.463302752293578,"Daemen","Sacred Heart",5,2023-02-19
"364","5414808",2023-02-21 19:00:00,"North Greenville","Erskine",1,3,88,91,0.491620111731844,0.508379888268156,"Erskine","North Greenville",4,2023-02-21
"365","5414511",2023-02-21 19:00:00,"Barton","Mount Olive",1,3,79,98,0.446327683615819,0.553672316384181,"Mount Olive","Barton",4,2023-02-21
"366","5414737",2023-02-21 22:00:00,"UC San Diego","CUI",1,3,84,97,0.464088397790055,0.535911602209945,"CUI","UC San Diego",4,2023-02-21
"367","5414697",2023-02-21 19:00:00,"Emmanuel (GA)","Belmont Abbey",0,3,58,76,0.432835820895522,0.567164179104478,"Belmont Abbey","Emmanuel (GA)",3,2023-02-21
"368","5414621",2023-02-21 20:00:00,"Mo. Baptist","Maryville (MO)",3,1,98,72,0.576470588235294,0.423529411764706,"Mo. Baptist","Maryville (MO)",4,2023-02-21
"369","5415543",2023-02-22 20:00:00,"Loyola Chicago","Lewis",3,1,96,91,0.513368983957219,0.486631016042781,"Loyola Chicago","Lewis",4,2023-02-22
"370","5415583",2023-02-22 21:00:00,"Grand Canyon","Pepperdine",3,2,109,103,0.514150943396226,0.485849056603774,"Grand Canyon","Pepperdine",5,2023-02-22
"371","5415512",2023-02-22 20:00:00,"Purdue Fort Wayne","McKendree",3,1,98,89,0.524064171122995,0.475935828877005,"Purdue Fort Wayne","McKendree",4,2023-02-22
"372","5415540",2023-02-22 22:00:00,"Westcliff","CSUN",0,3,57,75,0.431818181818182,0.568181818181818,"CSUN","Westcliff",3,2023-02-22
"373","5415187",2023-02-22 18:00:00,"Reinhardt","Benedict",3,0,75,46,0.619834710743802,0.380165289256198,"Reinhardt","Benedict",3,2023-02-22
"374","5415594",2023-02-23 00:00:00,"LIU","Hawaii",0,3,44,75,0.369747899159664,0.630252100840336,"Hawaii","LIU",3,2023-02-23
"375","5416319",2023-02-23 18:00:00,"Queens (NC)","Belmont Abbey",3,1,98,86,0.532608695652174,0.467391304347826,"Queens (NC)","Belmont Abbey",4,2023-02-23
"376","5415861",2023-02-23 18:00:00,"D'Youville","Daemen",1,3,70,96,0.421686746987952,0.578313253012048,"Daemen","D'Youville",4,2023-02-23
"377","5421882",2023-02-23 19:00:00,"Maryville (MO)","Kentucky St.",3,0,75,51,0.595238095238095,0.404761904761905,"Maryville (MO)","Kentucky St.",3,2023-02-23
"378","5415967",2023-02-23 19:00:00,"Central St. (OH)","Edward Waters",1,3,82,92,0.471264367816092,0.528735632183908,"Edward Waters","Central St. (OH)",4,2023-02-23
"379","5416912",2023-02-24 18:00:00,"Penn St.","NJIT",3,0,78,69,0.530612244897959,0.469387755102041,"Penn St.","NJIT",3,2023-02-24
"380","5417284",2023-02-24 20:00:00,"Ball St.","Lindenwood",3,2,97,97,0.5,0.5,"Ball St.","Lindenwood",5,2023-02-24
"381","5417460",2023-02-24 22:00:00,"UCLA","UC Irvine",3,1,92,83,0.525714285714286,0.474285714285714,"UCLA","UC Irvine",4,2023-02-24
"382","5417435",2023-02-24 22:00:00,"Stanford","Southern California",3,1,99,84,0.540983606557377,0.459016393442623,"Stanford","Southern California",4,2023-02-24
"383","5421885",2023-02-24 19:00:00,"Lewis","Purdue Fort Wayne",1,3,85,90,0.485714285714286,0.514285714285714,"Purdue Fort Wayne","Lewis",4,2023-02-24
"384","5417128",2023-02-24 20:00:00,"Ohio St.","Quincy",3,0,75,51,0.595238095238095,0.404761904761905,"Ohio St.","Quincy",3,2023-02-24
"385","5418024",2023-02-24 15:00:00,"Grand Canyon","Pepperdine",2,3,100,110,0.476190476190476,0.523809523809524,"Pepperdine","Grand Canyon",5,2023-02-24
"386","5417082",2023-02-24 19:00:00,"Harvard","Princeton",1,3,85,101,0.456989247311828,0.543010752688172,"Princeton","Harvard",4,2023-02-24
"387","5417029",2023-02-24 19:00:00,"King (TN)","Mount Olive",3,0,77,67,0.534722222222222,0.465277777777778,"King (TN)","Mount Olive",3,2023-02-24
"388","5417461",2023-02-24 22:00:00,"CSUN","UC San Diego",3,1,98,87,0.52972972972973,0.47027027027027,"CSUN","UC San Diego",4,2023-02-24
"389","5417408",2023-02-24 22:00:00,"BYU","CUI",3,0,75,55,0.576923076923077,0.423076923076923,"BYU","CUI",3,2023-02-24
"390","5422585",2023-02-24 18:00:00,"Sacred Heart","Saint Francis (PA)",0,3,56,75,0.427480916030534,0.572519083969466,"Saint Francis (PA)","Sacred Heart",3,2023-02-24
"391","5417210",2023-02-24 19:00:00,"Charleston (WV)","George Mason",3,2,110,109,0.502283105022831,0.497716894977169,"Charleston (WV)","George Mason",5,2023-02-24
"392","5416883",2023-02-24 18:00:00,"Limestone","Queens (NC)",0,3,63,75,0.456521739130435,0.543478260869565,"Queens (NC)","Limestone",3,2023-02-24
"393","5416948",2023-02-24 18:00:00,"Tusculum","Fort Valley St.",2,3,95,94,0.502645502645503,0.497354497354497,"Fort Valley St.","Tusculum",5,2023-02-24
"394","5417009",2023-02-24 19:00:00,"Lees-McRae","Barton",0,3,57,75,0.431818181818182,0.568181818181818,"Barton","Lees-McRae",3,2023-02-24
"395","5416957",2023-02-24 18:00:00,"Merrimack","FDU",2,3,97,109,0.470873786407767,0.529126213592233,"FDU","Merrimack",5,2023-02-24
"396","5416986",2023-02-24 18:00:00,"Benedict","Morehouse",3,0,75,43,0.635593220338983,0.364406779661017,"Benedict","Morehouse",3,2023-02-24
"397","5416830",2023-02-24 18:00:00,"Kentucky St.","Mt. St. Joseph",0,3,31,75,0.292452830188679,0.707547169811321,"Mt. St. Joseph","Kentucky St.",3,2023-02-24
"398","5417488",2023-02-25 00:00:00,"LIU","Hawaii",0,3,47,75,0.385245901639344,0.614754098360656,"Hawaii","LIU",3,2023-02-25
"399","5419123",2023-02-25 19:00:00,"Penn St.","NJIT",3,0,75,54,0.581395348837209,0.418604651162791,"Penn St.","NJIT",3,2023-02-25
"400","5418915",2023-02-25 18:00:00,"Ball St.","Quincy",3,0,75,67,0.528169014084507,0.471830985915493,"Ball St.","Quincy",3,2023-02-25
"401","5419028",2023-02-25 18:00:00,"McKendree","Loyola Chicago",1,3,83,96,0.463687150837989,0.536312849162011,"Loyola Chicago","McKendree",4,2023-02-25
"402","5418152",2023-02-25 15:00:00,"Lincoln Memorial","Fort Valley St.",3,0,75,34,0.688073394495413,0.311926605504587,"Lincoln Memorial","Fort Valley St.",3,2023-02-25
"403","5429984",2023-02-25 20:30:00,"Ohio St.","Lindenwood",2,3,111,111,0.5,0.5,"Lindenwood","Ohio St.",5,2023-02-25
"404","5418848",2023-02-25 17:00:00,"Harvard","Princeton",1,3,82,100,0.450549450549451,0.549450549450549,"Princeton","Harvard",4,2023-02-25
"405","5418218",2023-02-25 14:00:00,"North Greenville","Emmanuel (GA)",3,2,107,99,0.519417475728155,0.480582524271845,"North Greenville","Emmanuel (GA)",5,2023-02-25
"406","5418206",2023-02-25 14:00:00,"Lees-McRae","Mount Olive",3,1,95,92,0.508021390374332,0.491978609625668,"Lees-McRae","Mount Olive",4,2023-02-25
"407","5418045",2023-02-25 14:00:00,"King (TN)","Barton",1,3,77,98,0.44,0.56,"Barton","King (TN)",4,2023-02-25
"408","5419573",2023-02-25 22:00:00,"BYU","CUI",3,2,115,116,0.497835497835498,0.502164502164502,"BYU","CUI",5,2023-02-25
"409","5422611",2023-02-25 19:00:00,"Merrimack","Saint Francis (PA)",0,3,59,75,0.440298507462687,0.559701492537313,"Saint Francis (PA)","Merrimack",3,2023-02-25
"410","5419004",2023-02-25 17:00:00,"Charleston (WV)","George Mason",0,3,61,75,0.448529411764706,0.551470588235294,"George Mason","Charleston (WV)",3,2023-02-25
"411","5419244",2023-02-25 19:00:00,"Erskine","Belmont Abbey",3,1,99,95,0.510309278350515,0.489690721649485,"Erskine","Belmont Abbey",4,2023-02-25
"412","5418763",2023-02-25 17:00:00,"St. Francis Brooklyn","D'Youville",3,0,79,67,0.541095890410959,0.458904109589041,"St. Francis Brooklyn","D'Youville",3,2023-02-25
"413","5418911",2023-02-25 17:00:00,"Maryville (MO)","UHSP",3,0,75,53,0.5859375,0.4140625,"Maryville (MO)","UHSP",3,2023-02-25
"414","5418080",2023-02-25 14:00:00,"Tusculum","Morehouse",3,0,75,43,0.635593220338983,0.364406779661017,"Tusculum","Morehouse",3,2023-02-25
"415","5418954",2023-02-25 18:00:00,"Sacred Heart","FDU",3,1,91,83,0.522988505747126,0.477011494252874,"Sacred Heart","FDU",4,2023-02-25
"416","5418872",2023-02-25 18:00:00,"Central St. (OH)","Benedict",3,0,75,54,0.581395348837209,0.418604651162791,"Central St. (OH)","Benedict",3,2023-02-25
"417","5417644",2023-02-25 11:00:00,"Widener","American Int'l",1,3,85,98,0.46448087431694,0.53551912568306,"American Int'l","Widener",4,2023-02-25
"418","5419973",2023-02-25 13:00:00,"Edward Waters","Kentucky St.",3,0,75,35,0.681818181818182,0.318181818181818,"Edward Waters","Kentucky St.",3,2023-02-25
"419","5421871",2023-02-26 20:00:00,"UC Irvine","UCLA",1,3,88,97,0.475675675675676,0.524324324324324,"UCLA","UC Irvine",4,2023-02-26
"420","5420907",2023-02-26 19:00:00,"Stanford","Southern California",2,3,108,108,0.5,0.5,"Southern California","Stanford",5,2023-02-26
"421","5419802",2023-02-26 12:00:00,"St. Francis Brooklyn","Daemen",0,3,54,75,0.418604651162791,0.581395348837209,"Daemen","St. Francis Brooklyn",3,2023-02-26
"422","5422288",2023-02-28 19:00:00,"Limestone","Belmont Abbey",3,0,75,50,0.6,0.4,"Limestone","Belmont Abbey",3,2023-02-28
"423","5422247",2023-02-28 18:00:00,"Maryville (MO)","MSOE",3,1,95,81,0.539772727272727,0.460227272727273,"Maryville (MO)","MSOE",4,2023-02-28
"424","5422325",2023-02-28 19:00:00,"Benedict","Erskine",1,3,79,92,0.461988304093567,0.538011695906433,"Erskine","Benedict",4,2023-02-28
"425","5422277",2023-02-28 19:00:00,"Tusculum","Lees-McRae",3,0,75,61,0.551470588235294,0.448529411764706,"Tusculum","Lees-McRae",3,2023-02-28
"426","5422920",2023-03-01 18:00:00,"Central St. (OH)","Ball St.",0,3,44,75,0.369747899159664,0.630252100840336,"Ball St.","Central St. (OH)",3,2023-03-01
"427","5423322",2023-03-01 22:00:00,"CUI","UCLA",0,3,46,75,0.380165289256198,0.619834710743802,"UCLA","CUI",3,2023-03-01
"428","5423329",2023-03-01 22:00:00,"Vanguard","UC Santa Barbara",1,3,91,98,0.481481481481481,0.518518518518518,"UC Santa Barbara","Vanguard",4,2023-03-01
"429","5423206",2023-03-01 20:00:00,"MSOE","Quincy",1,3,80,97,0.451977401129944,0.548022598870056,"Quincy","MSOE",4,2023-03-01
"430","5423341",2023-03-02 00:00:00,"Pepperdine","Hawaii",1,3,83,97,0.461111111111111,0.538888888888889,"Hawaii","Pepperdine",4,2023-03-02
"431","5423750",2023-03-02 18:00:00,"Queens (NC)","Lees-McRae",3,0,75,67,0.528169014084507,0.471830985915493,"Queens (NC)","Lees-McRae",3,2023-03-02
"432","5423881",2023-03-02 20:00:00,"Lindenwood","Quincy",3,0,84,71,0.541935483870968,0.458064516129032,"Lindenwood","Quincy",3,2023-03-02
"433","5425031",2023-03-03 22:00:00,"Ball St.","Long Beach St.",1,3,76,96,0.441860465116279,0.558139534883721,"Long Beach St.","Ball St.",4,2023-03-03
"434","5428770",2023-03-03 22:00:00,"UCLA","CUI",3,0,75,50,0.6,0.4,"UCLA","CUI",3,2023-03-03
"435","5424847",2023-03-03 20:00:00,"Menlo","Southern California",1,3,82,98,0.455555555555556,0.544444444444444,"Southern California","Menlo",4,2023-03-03
"436","5425018",2023-03-03 22:00:00,"UC San Diego","UC Santa Barbara",1,3,95,98,0.492227979274611,0.507772020725389,"UC Santa Barbara","UC San Diego",4,2023-03-03
"437","5424937",2023-03-03 20:00:00,"Lewis","McKendree",3,2,108,103,0.511848341232227,0.488151658767773,"Lewis","McKendree",5,2023-03-03
"438","5424650",2023-03-03 19:00:00,"FDU","Princeton",0,3,53,75,0.4140625,0.5859375,"Princeton","FDU",3,2023-03-03
"439","5424789",2023-03-03 20:00:00,"BYU","Grand Canyon",0,3,61,75,0.448529411764706,0.551470588235294,"Grand Canyon","BYU",3,2023-03-03
"440","5429989",2023-03-03 19:00:00,"North Greenville","George Mason",0,3,57,75,0.431818181818182,0.568181818181818,"George Mason","North Greenville",3,2023-03-03
"441","5424721",2023-03-03 19:00:00,"St. Francis Brooklyn","Harvard",2,3,88,110,0.444444444444444,0.555555555555556,"Harvard","St. Francis Brooklyn",5,2023-03-03
"442","5424911",2023-03-03 20:00:00,"CSUN","Stanford",3,0,76,67,0.531468531468531,0.468531468531469,"CSUN","Stanford",3,2023-03-03
"443","5424843",2023-03-03 20:00:00,"Emmanuel (GA)","Maryville (MO)",3,1,93,88,0.513812154696133,0.486187845303867,"Emmanuel (GA)","Maryville (MO)",4,2023-03-03
"444","5424640",2023-03-03 19:00:00,"LIU","American Int'l",3,0,75,50,0.6,0.4,"LIU","American Int'l",3,2023-03-03
"445","5424566",2023-03-03 18:00:00,"Fort Valley St.","Central St. (OH)",0,3,57,75,0.431818181818182,0.568181818181818,"Central St. (OH)","Fort Valley St.",3,2023-03-03
"446","5424734",2023-03-03 19:00:00,"Alderson Broaddus","D'Youville",1,3,86,100,0.462365591397849,0.537634408602151,"D'Youville","Alderson Broaddus",4,2023-03-03
"447","5426375",2023-03-03 18:00:00,"Morehouse","Kentucky St.",0,3,50,75,0.4,0.6,"Kentucky St.","Morehouse",3,2023-03-03
"448","5430964",2023-03-04 00:00:00,"Pepperdine","Hawaii",0,3,58,75,0.43609022556391,0.56390977443609,"Hawaii","Pepperdine",3,2023-03-04
"449","5426237",2023-03-04 17:00:00,"Penn St.","CUI",3,0,90,77,0.538922155688623,0.461077844311377,"Penn St.","CUI",3,2023-03-04
"450","5426862",2023-03-04 20:00:00,"Purdue Fort Wayne","Loyola Chicago",2,3,100,108,0.480769230769231,0.519230769230769,"Loyola Chicago","Purdue Fort Wayne",5,2023-03-04
"451","5426728",2023-03-04 20:00:00,"Lewis","Maryville (MO)",3,0,75,58,0.56390977443609,0.43609022556391,"Lewis","Maryville (MO)",3,2023-03-04
"452","5426121",2023-03-04 19:00:00,"Charleston (WV)","Ohio St.",3,1,101,93,0.520618556701031,0.479381443298969,"Charleston (WV)","Ohio St.",4,2023-03-04
"453","5426841",2023-03-04 20:00:00,"BYU","Grand Canyon",2,3,99,108,0.478260869565217,0.521739130434783,"Grand Canyon","BYU",5,2023-03-04
"454","5424485",2023-03-04 15:00:00,"NJIT","Merrimack",3,0,75,61,0.551470588235294,0.448529411764706,"NJIT","Merrimack",3,2023-03-04
"455","5426226",2023-03-04 17:00:00,"LIU","Harvard",1,3,89,91,0.494444444444444,0.505555555555556,"Harvard","LIU",4,2023-03-04
"456","5426341",2023-03-04 18:00:00,"UC Irvine","Stanford",3,0,75,62,0.547445255474453,0.452554744525547,"UC Irvine","Stanford",3,2023-03-04
"457","5429997",2023-03-04 17:00:00,"Barton","George Mason",1,3,75,99,0.431034482758621,0.568965517241379,"George Mason","Barton",4,2023-03-04
"458","5425940",2023-03-04 16:00:00,"Emmanuel (GA)","Missouri S&T",0,3,80,86,0.481927710843373,0.518072289156627,"Missouri S&T","Emmanuel (GA)",3,2023-03-04
"459","5425494",2023-03-04 14:30:00,"Randolph-Macon","Lees-McRae",0,3,51,75,0.404761904761905,0.595238095238095,"Lees-McRae","Randolph-Macon",3,2023-03-04
"460","5425427",2023-03-04 14:00:00,"Morehouse","Central St. (OH)",0,3,44,75,0.369747899159664,0.630252100840336,"Central St. (OH)","Morehouse",3,2023-03-04
"461","5425865",2023-03-04 16:00:00,"Fort Valley St.","Kentucky St.",3,0,75,54,0.581395348837209,0.418604651162791,"Fort Valley St.","Kentucky St.",3,2023-03-04
"462","5428590",2023-03-05 20:00:00,"Penn St.","UC Irvine",3,2,115,115,0.5,0.5,"Penn St.","UC Irvine",5,2023-03-05
"463","5428320",2023-03-05 17:00:00,"Ball St.","UC San Diego",3,2,111,96,0.536231884057971,0.463768115942029,"Ball St.","UC San Diego",5,2023-03-05
"464","5429690",2023-03-06 20:00:00,"UHSP","Maryville (MO)",0,3,66,79,0.455172413793103,0.544827586206897,"Maryville (MO)","UHSP",3,2023-03-06
"465","5429642",2023-03-06 18:00:00,"Cornerstone","Quincy",3,2,100,103,0.492610837438424,0.507389162561576,"Cornerstone","Quincy",5,2023-03-06
"466","5430720",2023-03-07 19:00:00,"Queens (NC)","Loyola Chicago",0,3,63,76,0.453237410071942,0.546762589928058,"Loyola Chicago","Queens (NC)",3,2023-03-07
"467","5430356",2023-03-07 16:00:00,"Mt. Vernon Naz.","Kentucky St.",3,1,99,61,0.61875,0.38125,"Mt. Vernon Naz.","Kentucky St.",4,2023-03-07
"468","5430632",2023-03-07 18:00:00,"Kentucky St.","Wittenberg",2,3,85,108,0.440414507772021,0.559585492227979,"Wittenberg","Kentucky St.",5,2023-03-07
"469","5431837",2023-03-08 20:00:00,"Ball St.","Grand Canyon",0,3,66,76,0.464788732394366,0.535211267605634,"Grand Canyon","Ball St.",3,2023-03-08
"470","5431694",2023-03-08 19:00:00,"Queens (NC)","Lewis",0,3,65,81,0.445205479452055,0.554794520547945,"Lewis","Queens (NC)",3,2023-03-08
"471","5431869",2023-03-08 20:00:00,"Fontbonne","Maryville (MO)",2,3,94,112,0.456310679611651,0.543689320388349,"Maryville (MO)","Fontbonne",5,2023-03-08
"472","5431706",2023-03-08 18:00:00,"LIU","D'Youville",3,1,98,86,0.532608695652174,0.467391304347826,"LIU","D'Youville",4,2023-03-08
"473","5432719",2023-03-09 19:00:00,"Penn St.","UCLA",2,3,102,102,0.5,0.5,"UCLA","Penn St.",5,2023-03-09
"474","5432808",2023-03-09 21:00:00,"Southern California","Pepperdine",0,3,52,75,0.409448818897638,0.590551181102362,"Pepperdine","Southern California",3,2023-03-09
"475","5432642",2023-03-09 19:00:00,"St. Francis Brooklyn","Saint Francis (PA)",3,0,75,57,0.568181818181818,0.431818181818182,"St. Francis Brooklyn","Saint Francis (PA)",3,2023-03-09
"476","5432584",2023-03-09 18:00:00,"LIU","Daemen",0,3,66,75,0.468085106382979,0.531914893617021,"Daemen","LIU",3,2023-03-09
"477","5432868",2023-03-09 20:00:00,"Quincy","Missouri S&T",3,0,80,68,0.540540540540541,0.459459459459459,"Quincy","Missouri S&T",3,2023-03-09
"478","5432684",2023-03-09 19:00:00,"Erskine","Kentucky St.",3,0,75,60,0.555555555555556,0.444444444444444,"Erskine","Kentucky St.",3,2023-03-09
"479","5432832",2023-03-10 00:00:00,"Purdue Fort Wayne","Hawaii",0,3,58,77,0.42962962962963,0.57037037037037,"Hawaii","Purdue Fort Wayne",3,2023-03-10
"480","5433951",2023-03-10 22:00:00,"Long Beach St.","UC Santa Barbara",3,1,98,84,0.538461538461538,0.461538461538462,"Long Beach St.","UC Santa Barbara",4,2023-03-10
"481","5433830",2023-03-10 22:00:00,"UCLA","Purdue Fort Wayne",3,0,75,57,0.568181818181818,0.431818181818182,"UCLA","Purdue Fort Wayne",3,2023-03-10
"482","5433749",2023-03-10 19:00:00,"Loyola Chicago","McKendree",3,2,111,110,0.502262443438914,0.497737556561086,"Loyola Chicago","McKendree",5,2023-03-10
"483","5433610",2023-03-10 19:00:00,"Emmanuel (GA)","Lincoln Memorial",0,3,43,75,0.364406779661017,0.635593220338983,"Lincoln Memorial","Emmanuel (GA)",3,2023-03-10
"484","5433744",2023-03-10 19:00:00,"Erskine","Lewis",2,3,106,117,0.475336322869955,0.524663677130045,"Lewis","Erskine",5,2023-03-10
"485","5433930",2023-03-10 21:00:00,"Ohio St.","BYU",1,3,92,98,0.484210526315789,0.515789473684211,"BYU","Ohio St.",4,2023-03-10
"486","5433780",2023-03-10 20:00:00,"Olivet Nazarene","Grand Canyon",0,3,53,75,0.4140625,0.5859375,"Grand Canyon","Olivet Nazarene",3,2023-03-10
"487","5433603",2023-03-10 19:00:00,"North Greenville","Tusculum",3,0,75,60,0.555555555555556,0.444444444444444,"North Greenville","Tusculum",3,2023-03-10
"488","5433753",2023-03-10 19:00:00,"Mount Olive","Charleston (WV)",2,3,109,119,0.478070175438596,0.521929824561403,"Charleston (WV)","Mount Olive",5,2023-03-10
"489","5433929",2023-03-10 22:00:00,"UC San Diego","UC Irvine",0,3,56,75,0.427480916030534,0.572519083969466,"UC Irvine","UC San Diego",3,2023-03-10
"490","5433507",2023-03-10 19:00:00,"FDU","Saint Francis (PA)",0,3,65,76,0.460992907801418,0.539007092198582,"Saint Francis (PA)","FDU",3,2023-03-10
"491","5433654",2023-03-10 19:00:00,"Limestone","George Mason",0,3,62,75,0.452554744525547,0.547445255474453,"George Mason","Limestone",3,2023-03-10
"492","5433675",2023-03-10 19:00:00,"Belmont Abbey","Morehouse",3,0,75,21,0.78125,0.21875,"Belmont Abbey","Morehouse",3,2023-03-10
"493","5433807",2023-03-10 20:00:00,"Quincy","Maryville (MO)",3,1,101,88,0.534391534391534,0.465608465608466,"Quincy","Maryville (MO)",4,2023-03-10
"494","5433757",2023-03-10 19:00:00,"Merrimack","Sacred Heart",2,3,91,110,0.45273631840796,0.54726368159204,"Sacred Heart","Merrimack",5,2023-03-10
"495","5433502",2023-03-10 18:00:00,"Benedict","Central St. (OH)",0,3,49,75,0.395161290322581,0.604838709677419,"Central St. (OH)","Benedict",3,2023-03-10
"496","5433657",2023-03-10 19:00:00,"D'Youville","American Int'l",3,1,98,74,0.569767441860465,0.430232558139535,"D'Youville","American Int'l",4,2023-03-10
"497","5433968",2023-03-11 00:00:00,"Penn St.","Hawaii",3,1,96,92,0.51063829787234,0.48936170212766,"Penn St.","Hawaii",4,2023-03-11
"498","5435712",2023-03-11 22:00:00,"UC Santa Barbara","Long Beach St.",2,3,99,108,0.478260869565217,0.521739130434783,"Long Beach St.","UC Santa Barbara",5,2023-03-11
"499","5435579",2023-03-11 22:00:00,"Purdue Fort Wayne","Penn St.",0,3,42,75,0.358974358974359,0.641025641025641,"Penn St.","Purdue Fort Wayne",3,2023-03-11
"500","5435702",2023-03-11 22:00:00,"Pepperdine","Southern California",3,1,94,93,0.502673796791444,0.497326203208556,"Pepperdine","Southern California",4,2023-03-11
"501","5435672",2023-03-11 21:00:00,"Ohio St.","BYU",2,3,95,102,0.482233502538071,0.517766497461929,"BYU","Ohio St.",5,2023-03-11
"502","5435117",2023-03-11 16:00:00,"Princeton","NJIT",3,2,101,97,0.51010101010101,0.48989898989899,"Princeton","NJIT",5,2023-03-11
"503","5434904",2023-03-11 16:00:00,"Mount Olive","Charleston (WV)",0,3,53,75,0.4140625,0.5859375,"Charleston (WV)","Mount Olive",3,2023-03-11
"504","5435668",2023-03-11 22:00:00,"UC Irvine","UC San Diego",3,0,75,47,0.614754098360656,0.385245901639344,"UC Irvine","UC San Diego",3,2023-03-11
"505","5434860",2023-03-11 15:00:00,"Limestone","George Mason",1,3,90,101,0.471204188481675,0.528795811518325,"George Mason","Limestone",4,2023-03-11
"506","5434304",2023-03-11 13:00:00,"Maryville (MO)","Lindenwood",0,3,58,76,0.432835820895522,0.567164179104478,"Lindenwood","Maryville (MO)",3,2023-03-11
"507","5434629",2023-03-11 14:00:00,"Emmanuel (GA)","Tusculum",2,3,103,110,0.483568075117371,0.516431924882629,"Tusculum","Emmanuel (GA)",5,2023-03-11
"508","5434890",2023-03-11 16:00:00,"Belmont Abbey","Fort Valley St.",3,0,75,57,0.568181818181818,0.431818181818182,"Belmont Abbey","Fort Valley St.",3,2023-03-11
"509","5434156",2023-03-11 12:00:00,"D'Youville","American Int'l",3,0,75,54,0.581395348837209,0.418604651162791,"D'Youville","American Int'l",3,2023-03-11
"510","5434339",2023-03-11 13:00:00,"Benedict","Kentucky St.",3,1,101,78,0.564245810055866,0.435754189944134,"Benedict","Kentucky St.",4,2023-03-11
"511","5434660",2023-03-11 15:00:00,"Benedict","Kentucky St.",3,0,75,46,0.619834710743802,0.380165289256198,"Benedict","Kentucky St.",3,2023-03-11
"512","5435750",2023-03-12 00:00:00,"UCLA","Hawaii",1,3,100,103,0.492610837438424,0.507389162561576,"Hawaii","UCLA",4,2023-03-12
"513","5437565",2023-03-13 18:00:00,"Reinhardt","North Greenville",0,3,57,75,0.431818181818182,0.568181818181818,"North Greenville","Reinhardt",3,2023-03-13
