Name,W,L,Pct,Sets,Aces,Aces_PS,Assists,Assists_PS,Block Solos,Block Assists,Blocks_PS,Digs,Digs_PS,Kills,Errors,Total Attacks,Hitting_Pct,Kills,Kills_PS,Aces,Aces_PS,Digs,Digs_PS
A&M-Corpus Christi,19,10,0.655,103,151,1.47,1265,12.28,73,182,1.59,1612,15.65,1380,495,3615,0.245,1380,13.4,151,1.47,1612,15.65
Abilene Christian,9,15,0.375,86,98,1.14,1041,12.1,15,256,1.66,1394,16.21,1124,531,3251,0.182,1124,13.07,98,1.14,1394,16.21
Air Force,7,21,0.25,101,139,1.38,1050,10.4,40,351,2.13,1133,11.22,1160,567,3140,0.189,1160,11.49,139,1.38,1133,11.22
Akron,10,20,0.333,115,144,1.25,1242,10.8,53,343,1.95,1646,14.31,1389,645,4199,0.177,1389,12.08,144,1.25,1646,14.31
Alabama,10,20,0.333,108,137,1.27,1176,10.89,59,277,1.83,1544,14.3,1295,645,3822,0.17,1295,11.99,137,1.27,1544,14.30
Alabama A&M,5,23,0.179,94,114,1.21,659,7.01,41,157,1.27,1007,10.71,753,563,2682,0.071,753,8.01,114,1.21,1007,10.71
Alabama St.,17,17,0.5,123,210,1.71,1289,10.48,89,260,1.78,1521,12.37,1422,647,3761,0.206,1422,11.56,210,1.71,1521,12.37
Alcorn,4,24,0.143,99,121,1.22,887,8.96,37,144,1.1,1379,13.93,989,695,3461,0.085,989,9.99,121,1.22,1379,13.93
American,19,14,0.576,128,184,1.44,1365,10.66,38,436,2,1933,15.1,1507,638,4408,0.197,1507,11.77,184,1.44,1933,15.10
App State,7,22,0.241,109,130,1.19,1097,10.06,56,246,1.64,1440,13.21,1219,647,3709,0.154,1219,11.18,130,1.19,1440,13.21
Arizona,17,16,0.515,117,165,1.41,1334,11.4,57,376,2.09,1567,13.39,1478,619,3926,0.219,1478,12.63,165,1.41,1567,13.39
Arizona St.,14,17,0.452,126,159,1.26,1426,11.32,63,346,1.87,1827,14.5,1527,589,4282,0.219,1527,12.12,159,1.26,1827,14.50
Ark.-Pine Bluff,18,16,0.529,115,182,1.58,1223,10.63,107,276,2.13,1975,17.17,1339,623,4213,0.17,1339,11.64,182,1.58,1975,17.17
Arkansas,20,11,0.645,116,187,1.61,1472,12.69,39,379,1.97,1778,15.33,1587,623,4309,0.224,1587,13.68,187,1.61,1778,15.33
Arkansas St.,15,14,0.517,114,111,0.97,1360,11.93,74,381,2.32,2067,18.13,1461,643,4466,0.183,1461,12.82,111,0.97,2067,18.13
Army West Point,17,9,0.654,99,125,1.26,1120,11.31,69,285,2.14,1557,15.73,1225,563,3466,0.191,1225,12.37,125,1.26,1557,15.73
Auburn,13,15,0.464,103,101,0.98,1073,10.42,43,417,2.44,1633,15.85,1189,450,3647,0.203,1189,11.54,101,0.98,1633,15.85
Austin Peay,21,12,0.636,125,178,1.42,1519,12.15,80,358,2.07,1944,15.55,1662,619,4485,0.233,1662,13.3,178,1.42,1944,15.55
Ball St.,30,4,0.882,129,166,1.29,1656,12.84,89,347,2.03,2047,15.87,1776,543,4646,0.265,1776,13.77,166,1.29,2047,15.87
Baylor,22,6,0.786,103,110,1.07,1285,12.48,69,394,2.58,1390,13.5,1432,478,3391,0.281,1432,13.9,110,1.07,1390,13.50
Bellarmine,6,22,0.214,104,122,1.17,1117,10.74,30,208,1.29,1498,14.4,1200,629,3614,0.158,1200,11.54,122,1.17,1498,14.40
Belmont,9,20,0.31,104,119,1.14,1080,10.38,46,327,2.01,1414,13.6,1155,578,3582,0.161,1155,11.11,119,1.14,1414,13.60
Bethune-Cookman,6,21,0.222,90,99,1.1,669,7.43,80,238,2.21,1106,12.29,775,471,2749,0.111,775,8.61,99,1.10,1106,12.29
Binghamton,7,17,0.292,86,118,1.37,762,8.86,27,266,1.86,1160,13.49,843,500,2882,0.119,843,9.8,118,1.37,1160,13.49
Boise St.,24,11,0.686,129,228,1.77,1451,11.25,56,605,2.78,1642,12.73,1623,550,4187,0.256,1623,12.58,228,1.77,1642,12.73
Boston College,17,17,0.5,127,175,1.38,1454,11.45,80,364,2.06,1733,13.65,1579,708,4265,0.204,1579,12.43,175,1.38,1733,13.65
Bowling Green,21,9,0.7,109,161,1.48,1380,12.66,55,398,2.33,1805,16.56,1490,489,4030,0.248,1490,13.67,161,1.48,1805,16.56
Bradley,17,15,0.531,125,156,1.25,1479,11.83,55,362,1.89,2078,16.62,1575,676,4582,0.196,1575,12.6,156,1.25,2078,16.62
Brown,20,6,0.769,92,138,1.5,1117,12.14,51,356,2.49,1478,16.07,1235,419,3270,0.25,1235,13.42,138,1.50,1478,16.07
Bryant,21,11,0.656,118,159,1.35,1411,11.96,51,381,2.05,1789,15.16,1550,701,4262,0.199,1550,13.14,159,1.35,1789,15.16
Bucknell,7,18,0.28,89,122,1.37,892,10.02,20,229,1.51,1338,15.03,990,514,3080,0.155,990,11.12,122,1.37,1338,15.03
Buffalo,13,17,0.433,119,142,1.19,1395,11.72,49,358,1.92,1717,14.43,1510,589,4275,0.215,1510,12.69,142,1.19,1717,14.43
Butler,16,16,0.5,113,135,1.19,1327,11.74,47,404,2.2,1918,16.97,1457,620,4396,0.19,1457,12.89,135,1.19,1918,16.97
BYU,30,2,0.938,107,191,1.79,1364,12.75,46,429,2.43,1460,13.64,1502,399,3345,0.33,1502,14.04,191,1.79,1460,13.64
Cal Poly,15,16,0.484,112,146,1.3,1338,11.95,59,359,2.13,1668,14.89,1452,555,4049,0.222,1452,12.96,146,1.30,1668,14.89
Cal St. Fullerton,12,15,0.444,101,118,1.17,1264,12.51,34,271,1.68,1966,19.47,1348,559,4276,0.185,1348,13.35,118,1.17,1966,19.47
California,7,24,0.226,105,130,1.24,1077,10.26,47,296,1.86,1423,13.55,1163,564,3435,0.174,1163,11.08,130,1.24,1423,13.55
California Baptist,13,11,0.542,85,152,1.79,1011,11.89,29,280,1.99,1271,14.95,1084,435,3046,0.213,1084,12.75,152,1.79,1271,14.95
Campbell,21,10,0.677,115,174,1.51,1313,11.42,43,376,2.01,1847,16.06,1445,673,4197,0.184,1445,12.57,174,1.51,1847,16.06
Canisius,11,18,0.379,113,167,1.48,1242,10.99,45,351,1.95,1848,16.35,1361,552,4154,0.195,1361,12.04,167,1.48,1848,16.35
Central Ark.,7,18,0.28,88,111,1.26,936,10.64,35,352,2.4,1162,13.2,998,470,2956,0.179,998,11.34,111,1.26,1162,13.20
Central Conn. St.,9,17,0.346,101,148,1.47,1034,10.24,81,343,2.5,1443,14.29,1136,561,3523,0.163,1136,11.25,148,1.47,1443,14.29
Central Mich.,13,17,0.433,112,135,1.21,1451,12.96,55,260,1.65,2100,18.75,1572,622,4537,0.209,1572,14.04,135,1.21,2100,18.75
Charleston So.,9,17,0.346,95,147,1.55,1036,10.91,35,196,1.4,1165,12.26,1143,577,3156,0.179,1143,12.03,147,1.55,1165,12.26
Charlotte,12,13,0.48,91,137,1.51,1080,11.87,59,309,2.35,1373,15.09,1176,397,3217,0.242,1176,12.92,137,1.51,1373,15.09
Chattanooga,11,19,0.367,116,135,1.16,1232,10.62,49,361,1.98,1952,16.83,1350,584,4245,0.18,1350,11.64,135,1.16,1952,16.83
Chicago St.,17,11,0.607,104,155,1.49,1241,11.93,58,283,1.92,1610,15.48,1400,582,3792,0.216,1400,13.46,155,1.49,1610,15.48
Cincinnati,19,9,0.679,113,177,1.57,1439,12.73,43,280,1.62,1806,15.98,1536,662,4109,0.213,1536,13.59,177,1.57,1806,15.98
Clemson,12,18,0.4,107,122,1.14,1213,11.34,59,272,1.82,1425,13.32,1339,525,3638,0.224,1339,12.51,122,1.14,1425,13.32
Cleveland St.,8,21,0.276,106,141,1.33,1069,10.08,51,270,1.75,1368,12.91,1155,596,3434,0.163,1155,10.9,141,1.33,1368,12.91
Coastal Carolina,19,9,0.679,101,168,1.66,1189,11.77,86,339,2.53,1351,13.38,1319,472,3365,0.252,1319,13.06,168,1.66,1351,13.38
Col. of Charleston,16,12,0.571,112,195,1.74,1214,10.84,28,404,2.05,1692,15.11,1332,591,3881,0.191,1332,11.89,195,1.74,1692,15.11
Colgate,18,10,0.643,101,127,1.26,1096,10.85,50,351,2.23,1341,13.28,1240,484,3414,0.221,1240,12.28,127,1.26,1341,13.28
Colorado,15,14,0.517,107,123,1.15,1267,11.84,58,391,2.37,1642,15.35,1405,518,3805,0.233,1405,13.13,123,1.15,1642,15.35
Colorado St.,19,11,0.633,112,208,1.86,1310,11.7,54,320,1.91,1442,12.88,1427,551,3654,0.24,1427,12.74,208,1.86,1442,12.88
Columbia,5,19,0.208,85,100,1.18,1014,11.93,49,226,1.91,1305,15.35,1089,496,3131,0.189,1089,12.81,100,1.18,1305,15.35
Coppin St.,16,12,0.571,104,182,1.75,1147,11.03,29,262,1.54,1709,16.43,1272,552,3778,0.191,1272,12.23,182,1.75,1709,16.43
Cornell,7,15,0.318,77,115,1.49,895,11.62,28,258,2.04,1258,16.34,974,403,2870,0.199,974,12.65,115,1.49,1258,16.34
Creighton,31,4,0.886,116,192,1.66,1482,12.78,58,546,2.85,2069,17.84,1630,558,4371,0.245,1630,14.05,192,1.66,2069,17.84
CSU Bakersfield,18,11,0.621,111,176,1.59,1239,11.16,44,389,2.15,1562,14.07,1378,575,3804,0.211,1378,12.41,176,1.59,1562,14.07
CSUN,7,23,0.233,113,134,1.19,1207,10.68,62,293,1.85,1595,14.12,1328,652,3993,0.169,1328,11.75,134,1.19,1595,14.12
Dartmouth,15,8,0.652,93,136,1.46,1091,11.73,45,217,1.65,1629,17.52,1202,469,3555,0.206,1202,12.92,136,1.46,1629,17.52
Davidson,14,13,0.519,101,131,1.3,1195,11.83,42,371,2.25,1728,17.11,1291,543,3874,0.193,1291,12.78,131,1.30,1728,17.11
Dayton,26,6,0.813,115,216,1.88,1383,12.03,39,500,2.51,1676,14.57,1535,604,4053,0.23,1535,13.35,216,1.88,1676,14.57
Delaware,15,13,0.536,102,220,2.16,1162,11.39,41,359,2.16,1299,12.74,1269,543,3385,0.214,1269,12.44,220,2.16,1299,12.74
Delaware St.,26,5,0.839,105,227,2.16,1329,12.66,54,306,1.97,1493,14.22,1430,583,3510,0.241,1430,13.62,227,2.16,1493,14.22
Denver,23,6,0.793,104,202,1.94,1303,12.53,31,383,2.14,1396,13.42,1431,524,3453,0.263,1431,13.76,202,1.94,1396,13.42
DePaul,19,12,0.613,115,116,1.01,1410,12.26,67,338,2.05,1827,15.89,1553,643,4312,0.211,1553,13.5,116,1.01,1827,15.89
Drake,11,15,0.423,100,137,1.37,1115,11.15,51,440,2.71,1635,16.35,1196,552,3682,0.175,1196,11.96,137,1.37,1635,16.35
Duke,16,13,0.552,102,174,1.71,1101,10.79,55,323,2.12,1416,13.88,1236,496,3445,0.215,1236,12.12,174,1.71,1416,13.88
Duquesne,13,16,0.448,114,150,1.32,1319,11.57,48,334,1.89,1739,15.25,1406,636,3997,0.193,1406,12.33,150,1.32,1739,15.25
East Carolina,9,20,0.31,104,124,1.19,1071,10.3,52,299,1.94,1519,14.61,1181,483,3596,0.194,1181,11.36,124,1.19,1519,14.61
Eastern Ill.,11,18,0.379,109,168,1.54,1219,11.18,23,363,1.88,1516,13.91,1295,669,3830,0.163,1295,11.88,168,1.54,1516,13.91
Eastern Ky.,10,21,0.323,122,132,1.08,1345,11.02,46,298,1.6,1710,14.02,1450,717,4151,0.177,1450,11.89,132,1.08,1710,14.02
Eastern Mich.,9,20,0.31,110,142,1.29,1221,11.1,61,346,2.13,1612,14.65,1312,599,3801,0.188,1312,11.93,142,1.29,1612,14.65
Eastern Wash.,11,14,0.44,94,168,1.79,958,10.19,32,228,1.55,1251,13.31,1091,527,3081,0.183,1091,11.61,168,1.79,1251,13.31
Elon,17,11,0.607,101,160,1.58,1155,11.44,39,371,2.22,1391,13.77,1259,447,3276,0.248,1259,12.47,160,1.58,1391,13.77
ETSU,11,17,0.393,99,127,1.28,1186,11.98,50,244,1.74,1619,16.35,1266,579,3781,0.182,1266,12.79,127,1.28,1619,16.35
Evansville,21,12,0.636,118,214,1.81,1485,12.58,39,334,1.75,1681,14.25,1607,570,4168,0.249,1607,13.62,214,1.81,1681,14.25
Fairfield,24,9,0.727,116,143,1.23,1465,12.63,70,468,2.62,1823,15.72,1571,563,3996,0.252,1571,13.54,143,1.23,1823,15.72
Fairleigh Dickinson,8,20,0.286,102,130,1.27,1046,10.25,45,268,1.75,1521,14.91,1146,553,3669,0.162,1146,11.24,130,1.27,1521,14.91
FGCU,27,6,0.818,108,156,1.44,1321,12.23,45,487,2.67,1489,13.79,1430,476,3595,0.265,1430,13.24,156,1.44,1489,13.79
FIU,9,13,0.409,80,108,1.35,872,10.9,32,341,2.53,1153,14.41,940,461,2765,0.173,940,11.75,108,1.35,1153,14.41
Fla. Atlantic,11,14,0.44,90,136,1.51,1034,11.49,36,294,2.03,1166,12.96,1101,585,3042,0.17,1101,12.23,136,1.51,1166,12.96
Florida,22,9,0.71,106,151,1.42,1401,13.22,46,466,2.63,1580,14.91,1492,465,3545,0.29,1492,14.08,151,1.42,1580,14.91
Florida A&M,25,7,0.781,113,218,1.93,1391,12.31,64,198,1.44,1770,15.66,1542,562,3854,0.254,1542,13.65,218,1.93,1770,15.66
Florida St.,20,10,0.667,108,156,1.44,1249,11.56,47,337,2,1730,16.02,1393,473,3896,0.236,1393,12.9,156,1.44,1730,16.02
Fordham,10,20,0.333,112,135,1.21,1248,11.14,24,433,2.15,1798,16.05,1364,597,4067,0.189,1364,12.18,135,1.21,1798,16.05
Fresno St.,12,14,0.462,97,179,1.85,1063,10.96,48,340,2.25,1128,11.63,1146,528,3102,0.199,1146,11.81,179,1.85,1128,11.63
Furman,9,20,0.31,108,144,1.33,1155,10.69,65,264,1.82,1705,15.79,1234,687,3864,0.142,1234,11.43,144,1.33,1705,15.79
Ga. Southern,17,11,0.607,107,162,1.51,1200,11.21,79,304,2.16,1598,14.93,1318,525,3755,0.211,1318,12.32,162,1.51,1598,14.93
Gardner-Webb,7,19,0.269,90,135,1.5,960,10.67,32,168,1.29,1426,15.84,1046,598,3327,0.135,1046,11.62,135,1.50,1426,15.84
George Mason,5,22,0.185,99,138,1.39,1027,10.37,47,227,1.62,1378,13.92,1135,559,3388,0.17,1135,11.46,138,1.39,1378,13.92
George Washington,2,25,0.074,92,121,1.32,772,8.39,39,270,1.89,1236,13.43,870,526,3080,0.112,870,9.46,121,1.32,1236,13.43
Georgetown,7,22,0.241,110,151,1.37,1118,10.16,43,351,1.99,1688,15.35,1228,638,3935,0.15,1228,11.16,151,1.37,1688,15.35
Georgia,12,17,0.414,114,167,1.46,1324,11.61,28,442,2.18,1473,12.92,1418,597,3725,0.22,1418,12.44,167,1.46,1473,12.92
Georgia St.,8,20,0.286,116,141,1.22,1271,10.96,69,397,2.31,1712,14.76,1372,686,4100,0.167,1372,11.83,141,1.22,1712,14.76
Georgia Tech,26,6,0.813,112,141,1.26,1557,13.9,74,329,2.13,1697,15.15,1700,576,3861,0.291,1700,15.18,141,1.26,1697,15.15
Gonzaga,9,20,0.31,99,165,1.67,1002,10.12,43,240,1.65,1185,11.97,1082,481,3074,0.196,1082,10.93,165,1.67,1185,11.97
Grambling,11,17,0.393,103,121,1.17,890,8.64,71,203,1.67,1557,15.12,1018,595,3510,0.121,1018,9.88,121,1.17,1557,15.12
Grand Canyon,19,7,0.731,92,168,1.83,1105,12.01,72,208,1.91,1516,16.48,1196,500,3431,0.203,1196,13,168,1.83,1516,16.48
Green Bay,15,16,0.484,122,211,1.73,1437,11.78,16,412,1.82,1792,14.69,1537,661,4337,0.202,1537,12.6,211,1.73,1792,14.69
Hampton,3,20,0.13,84,116,1.38,807,9.61,38,250,1.94,1221,14.54,890,475,3001,0.138,890,10.6,116,1.38,1221,14.54
Hartford,7,18,0.28,84,105,1.25,810,9.64,44,253,2.03,1280,15.24,882,495,3053,0.127,882,10.5,105,1.25,1280,15.24
Harvard,10,13,0.435,95,150,1.58,1070,11.26,36,328,2.11,1256,13.22,1170,530,3140,0.204,1170,12.32,150,1.58,1256,13.22
Hawaii,22,8,0.733,107,106,0.99,1368,12.79,83,381,2.56,1669,15.6,1485,534,3882,0.245,1485,13.88,106,0.99,1669,15.60
High Point,24,7,0.774,107,175,1.64,1367,12.78,39,325,1.88,1736,16.22,1458,479,3836,0.255,1458,13.63,175,1.64,1736,16.22
Hofstra,15,14,0.517,108,165,1.53,1228,11.37,50,412,2.37,1540,14.26,1318,656,3789,0.175,1318,12.2,165,1.53,1540,14.26
Holy Cross,2,25,0.074,95,123,1.29,811,8.54,34,200,1.41,1315,13.84,914,536,3240,0.117,914,9.62,123,1.29,1315,13.84
Houston,25,7,0.781,123,205,1.67,1473,11.98,86,383,2.26,1986,16.15,1630,606,4527,0.226,1630,13.25,205,1.67,1986,16.15
Houston Christian,21,9,0.7,108,130,1.2,1234,11.43,60,463,2.7,1830,16.94,1362,585,4017,0.193,1362,12.61,130,1.20,1830,16.94
Howard,18,13,0.581,112,262,2.34,1201,10.72,54,306,1.85,1526,13.63,1311,550,3636,0.209,1311,11.71,262,2.34,1526,13.63
Idaho,5,20,0.2,91,121,1.33,915,10.05,28,330,2.12,1115,12.25,1014,537,2970,0.161,1014,11.14,121,1.33,1115,12.25
Idaho St.,7,21,0.25,108,138,1.28,1057,9.79,62,276,1.85,1509,13.97,1169,607,3660,0.154,1169,10.82,138,1.28,1509,13.97
Illinois,22,12,0.647,127,236,1.86,1519,11.96,48,478,2.26,1874,14.76,1668,654,4431,0.229,1668,13.13,236,1.86,1874,14.76
Illinois St.,19,14,0.576,126,152,1.21,1587,12.6,65,494,2.48,1917,15.21,1701,726,4532,0.215,1701,13.5,152,1.21,1917,15.21
Indiana,10,22,0.313,116,136,1.17,1224,10.55,101,260,1.99,1597,13.77,1343,627,4060,0.176,1343,11.58,136,1.17,1597,13.77
Indiana St.,18,13,0.581,119,184,1.55,1358,11.41,46,380,1.98,1934,16.25,1492,596,4432,0.202,1492,12.54,184,1.55,1934,16.25
Iona,10,18,0.357,107,145,1.36,1153,10.78,48,246,1.6,1646,15.38,1256,604,3883,0.168,1256,11.74,145,1.36,1646,15.38
Iowa,6,24,0.2,107,143,1.34,1210,11.31,24,260,1.44,1416,13.23,1323,608,3684,0.194,1323,12.36,143,1.34,1416,13.23
Iowa St.,16,12,0.571,102,137,1.34,1216,11.92,44,407,2.43,1550,15.2,1331,536,3616,0.22,1331,13.05,137,1.34,1550,15.20
IUPUI,5,24,0.172,108,184,1.7,1075,9.95,36,308,1.76,1508,13.96,1171,710,3748,0.123,1171,10.84,184,1.70,1508,13.96
Jackson St.,17,14,0.548,110,219,1.99,1205,10.95,53,230,1.53,1587,14.43,1325,564,3667,0.208,1325,12.05,219,1.99,1587,14.43
Jacksonville,4,24,0.143,103,165,1.6,1030,10,30,261,1.56,1421,13.8,1134,607,3602,0.146,1134,11.01,165,1.60,1421,13.80
Jacksonville St.,25,7,0.781,112,164,1.46,1413,12.62,35,352,1.88,1536,13.71,1540,553,3706,0.266,1540,13.75,164,1.46,1536,13.71
James Madison,17,7,0.708,88,133,1.51,1007,11.44,66,306,2.49,1234,14.02,1081,407,2855,0.236,1081,12.28,133,1.51,1234,14.02
Kansas,18,12,0.6,114,134,1.18,1302,11.42,92,423,2.66,1630,14.3,1429,568,3933,0.219,1429,12.54,134,1.18,1630,14.30
Kansas City,21,10,0.677,116,182,1.57,1438,12.4,38,354,1.85,1863,16.06,1546,566,4258,0.23,1546,13.33,182,1.57,1863,16.06
Kansas St.,15,13,0.536,107,143,1.34,1294,12.09,27,444,2.33,1532,14.32,1391,600,3809,0.208,1391,13,143,1.34,1532,14.32
Kennesaw St.,20,9,0.69,108,196,1.81,1285,11.9,44,400,2.26,1470,13.61,1405,582,3735,0.22,1405,13.01,196,1.81,1470,13.61
Kent St.,12,18,0.4,117,141,1.21,1363,11.65,55,418,2.26,1812,15.49,1446,596,4107,0.207,1446,12.36,141,1.21,1812,15.49
Kentucky,25,5,0.833,106,148,1.4,1383,13.05,38,430,2.39,1483,13.99,1518,456,3530,0.301,1518,14.32,148,1.40,1483,13.99
Lafayette,15,10,0.6,93,141,1.52,1158,12.45,57,218,1.78,1344,14.45,1263,504,3348,0.227,1263,13.58,141,1.52,1344,14.45
Lamar University,4,22,0.154,90,102,1.13,939,10.43,34,206,1.52,1429,15.88,1002,530,3272,0.144,1002,11.13,102,1.13,1429,15.88
Lehigh,8,19,0.296,107,147,1.37,1110,10.37,25,411,2.15,1458,13.63,1238,599,3660,0.175,1238,11.57,147,1.37,1458,13.63
Liberty,10,14,0.417,93,129,1.39,1005,10.81,35,332,2.16,1296,13.94,1096,559,3096,0.173,1096,11.78,129,1.39,1296,13.94
Lipscomb,14,13,0.519,101,203,2.01,1202,11.9,42,285,1.83,1238,12.26,1314,567,3352,0.223,1314,13.01,203,2.01,1238,12.26
Little Rock,14,15,0.483,106,168,1.58,1280,12.08,36,418,2.31,1705,16.08,1362,614,3974,0.188,1362,12.85,168,1.58,1705,16.08
LIU,13,14,0.481,100,148,1.48,1053,10.53,34,266,1.67,1579,15.79,1171,502,3533,0.189,1171,11.71,148,1.48,1579,15.79
LMU (CA),17,11,0.607,108,190,1.76,1276,11.81,46,380,2.19,1197,11.08,1399,564,3311,0.252,1399,12.95,190,1.76,1197,11.08
Long Beach St.,16,15,0.516,115,126,1.1,1373,11.94,47,357,1.96,1707,14.84,1527,614,3925,0.233,1527,13.28,126,1.10,1707,14.84
Louisiana,15,11,0.577,102,154,1.51,1199,11.75,54,304,2.02,1638,16.06,1294,472,3570,0.23,1294,12.69,154,1.51,1638,16.06
Louisiana Tech,9,19,0.321,98,129,1.32,970,9.9,68,263,2.04,1621,16.54,1074,511,3707,0.152,1074,10.96,129,1.32,1621,16.54
Louisville,32,1,0.97,113,190,1.68,1384,12.25,101,474,2.99,1468,12.99,1541,487,3548,0.297,1541,13.64,190,1.68,1468,12.99
Loyola Chicago,22,10,0.688,122,153,1.25,1569,12.86,71,478,2.54,1843,15.11,1681,669,4312,0.235,1681,13.78,153,1.25,1843,15.11
Loyola Maryland,17,11,0.607,102,157,1.54,1264,12.39,27,317,1.82,1878,18.41,1392,585,4015,0.201,1392,13.65,157,1.54,1878,18.41
LSU,13,14,0.481,109,141,1.29,1264,11.6,62,433,2.56,1542,14.15,1401,523,3724,0.236,1401,12.85,141,1.29,1542,14.15
Manhattan,2,20,0.091,72,87,1.21,633,8.79,24,172,1.53,1031,14.32,684,434,2499,0.1,684,9.5,87,1.21,1031,14.32
Marist,17,13,0.567,119,171,1.44,1359,11.42,46,316,1.71,1902,15.98,1478,680,4300,0.186,1478,12.42,171,1.44,1902,15.98
Marquette,26,6,0.813,113,189,1.67,1446,12.8,52,403,2.24,1754,15.52,1584,523,4078,0.26,1584,14.02,189,1.67,1754,15.52
Marshall,9,16,0.36,103,119,1.16,1128,10.95,46,430,2.53,1577,15.31,1207,493,3547,0.201,1207,11.72,119,1.16,1577,15.31
Maryland,19,13,0.594,112,160,1.43,1224,10.93,47,603,3.11,1778,15.88,1338,551,3930,0.2,1338,11.95,160,1.43,1778,15.88
McNeese,18,11,0.621,104,160,1.54,1245,11.97,60,352,2.27,1327,12.76,1332,593,3352,0.22,1332,12.81,160,1.54,1327,12.76
Memphis,13,19,0.406,119,132,1.11,1376,11.56,58,373,2.05,1927,16.19,1485,706,4418,0.176,1485,12.48,132,1.11,1927,16.19
Mercer,16,12,0.571,98,158,1.61,1128,11.51,47,324,2.13,1558,15.9,1233,506,3555,0.205,1233,12.58,158,1.61,1558,15.90
Merrimack,0,29,0,89,107,1.2,613,6.89,31,96,0.89,985,11.07,677,446,2678,0.086,677,7.61,107,1.20,985,11.07
Miami (FL),25,5,0.833,107,142,1.33,1345,12.57,38,492,2.65,1627,15.21,1453,500,3897,0.245,1453,13.58,142,1.33,1627,15.21
Miami (OH),7,21,0.25,110,116,1.05,1182,10.75,49,288,1.75,1643,14.94,1299,592,3854,0.183,1299,11.81,116,1.05,1643,14.94
Michigan,18,12,0.6,109,169,1.55,1272,11.67,51,391,2.26,1603,14.71,1422,480,3765,0.25,1422,13.05,169,1.55,1603,14.71
Michigan St.,11,18,0.379,105,157,1.5,1245,11.86,39,411,2.33,1394,13.28,1323,585,3523,0.209,1323,12.6,157,1.50,1394,13.28
Middle Tenn.,9,12,0.429,83,131,1.58,927,11.17,38,174,1.51,1151,13.87,998,465,2774,0.192,998,12.02,131,1.58,1151,13.87
Milwaukee,22,9,0.71,115,179,1.56,1542,13.41,45,270,1.57,1801,15.66,1639,531,4029,0.275,1639,14.25,179,1.56,1801,15.66
Minnesota,22,9,0.71,117,155,1.32,1463,12.5,45,489,2.47,1982,16.94,1578,558,4377,0.233,1578,13.49,155,1.32,1982,16.94
Mississippi St.,25,6,0.806,125,155,1.24,1559,12.47,28,441,1.99,1797,14.38,1718,652,4415,0.241,1718,13.74,155,1.24,1797,14.38
Mississippi Val.,2,21,0.087,74,96,1.3,471,6.36,26,109,1.09,874,11.81,528,386,2189,0.065,528,7.14,96,1.30,874,11.81
Missouri,5,26,0.161,110,132,1.2,1201,10.92,54,326,1.97,1465,13.32,1293,575,3725,0.193,1293,11.75,132,1.20,1465,13.32
Missouri St.,17,13,0.567,110,152,1.38,1301,11.83,63,348,2.15,1707,15.52,1402,579,3923,0.21,1402,12.75,152,1.38,1707,15.52
Montana,11,16,0.407,102,137,1.34,1138,11.16,30,345,1.99,1451,14.23,1261,545,3551,0.202,1261,12.36,137,1.34,1451,14.23
Montana St.,15,14,0.517,116,147,1.27,1366,11.78,30,468,2.28,1638,14.12,1463,589,3944,0.222,1463,12.61,147,1.27,1638,14.12
Morehead St.,20,12,0.625,120,158,1.32,1504,12.53,51,366,1.95,1974,16.45,1641,727,4614,0.198,1641,13.68,158,1.32,1974,16.45
Morgan St.,5,24,0.172,98,123,1.26,961,9.81,48,218,1.6,1138,11.61,1049,555,3014,0.164,1049,10.7,123,1.26,1138,11.61
Murray St.,18,12,0.6,113,137,1.21,1483,13.12,65,207,1.49,1914,16.94,1594,663,4267,0.218,1594,14.11,137,1.21,1914,16.94
N.C. A&T,20,11,0.645,118,167,1.42,1319,11.18,51,449,2.33,1776,15.05,1460,623,4067,0.206,1460,12.37,167,1.42,1776,15.05
N.C. Central,11,14,0.44,93,125,1.34,957,10.29,41,269,1.89,1354,14.56,1068,475,3144,0.189,1068,11.48,125,1.34,1354,14.56
Navy,13,14,0.481,96,169,1.76,1068,11.13,44,287,1.95,1227,12.78,1146,517,3187,0.197,1146,11.94,169,1.76,1227,12.78
NC State,16,13,0.552,103,107,1.04,1321,12.83,59,274,1.9,1539,14.94,1423,561,3747,0.23,1423,13.82,107,1.04,1539,14.94
Nebraska,26,8,0.765,121,181,1.5,1548,12.79,38,530,2.5,2054,16.98,1677,667,4551,0.222,1677,13.86,181,1.50,2054,16.98
Nevada,3,26,0.103,97,128,1.32,968,9.98,39,292,1.91,1204,12.41,1060,574,3240,0.15,1060,10.93,128,1.32,1204,12.41
New Hampshire,16,12,0.571,103,162,1.57,1085,10.53,34,337,1.97,1481,14.38,1219,502,3467,0.207,1219,11.83,162,1.57,1481,14.38
New Mexico,20,10,0.667,107,142,1.33,1209,11.3,35,392,2.16,1541,14.4,1333,521,3579,0.227,1333,12.46,142,1.33,1541,14.40
New Mexico St.,19,10,0.655,112,147,1.31,1396,12.46,66,265,1.77,1729,15.44,1521,546,3838,0.254,1521,13.58,147,1.31,1729,15.44
New Orleans,1,22,0.043,87,84,0.97,946,10.87,51,306,2.34,1316,15.13,1026,530,3133,0.158,1026,11.79,84,0.97,1316,15.13
Niagara,13,15,0.464,107,124,1.16,1184,11.07,43,297,1.79,2015,18.83,1281,525,4184,0.181,1281,11.97,124,1.16,2015,18.83
Nicholls,11,17,0.393,103,144,1.4,1168,11.34,65,261,1.9,1641,15.93,1281,562,3800,0.189,1281,12.44,144,1.40,1641,15.93
NIU,16,13,0.552,107,155,1.45,1282,11.98,38,321,1.86,1796,16.79,1405,608,4030,0.198,1405,13.13,155,1.45,1796,16.79
NJIT,2,25,0.074,89,87,0.98,789,8.87,29,304,2.03,1020,11.46,842,517,2728,0.119,842,9.46,87,0.98,1020,11.46
Norfolk St.,8,18,0.308,91,128,1.41,867,9.53,35,238,1.69,1335,14.67,956,465,3120,0.157,956,10.51,128,1.41,1335,14.67
North Ala.,9,20,0.31,107,192,1.79,1157,10.81,40,264,1.61,1330,12.43,1241,601,3462,0.185,1241,11.6,192,1.79,1330,12.43
North Carolina,21,9,0.7,110,146,1.33,1380,12.55,47,337,1.96,1517,13.79,1495,572,3685,0.25,1495,13.59,146,1.33,1517,13.79
North Dakota,1,29,0.033,105,101,0.96,989,9.42,31,358,2,1728,16.46,1058,601,3921,0.117,1058,10.08,101,0.96,1728,16.46
North Dakota St.,12,18,0.4,110,175,1.59,1268,11.53,38,314,1.77,1691,15.37,1372,606,3871,0.198,1372,12.47,175,1.59,1691,15.37
North Florida,25,8,0.758,124,178,1.44,1501,12.1,29,476,2.15,1750,14.11,1616,622,4128,0.241,1616,13.03,178,1.44,1750,14.11
North Texas,15,12,0.556,98,138,1.41,1144,11.67,51,298,2.04,1464,14.94,1266,461,3348,0.24,1266,12.92,138,1.41,1464,14.94
Northeastern,12,15,0.444,105,156,1.49,1112,10.59,46,352,2.11,1560,14.86,1218,551,3680,0.181,1218,11.6,156,1.49,1560,14.86
Northern Ariz.,12,14,0.462,96,146,1.52,1095,11.41,50,292,2.04,1416,14.75,1182,423,3362,0.226,1182,12.31,146,1.52,1416,14.75
Northern Colo.,24,7,0.774,115,190,1.65,1410,12.26,56,318,1.87,1732,15.06,1548,627,4085,0.225,1548,13.46,190,1.65,1732,15.06
Northern Ky.,20,8,0.714,106,139,1.31,1281,12.08,52,458,2.65,1650,15.57,1400,518,3755,0.235,1400,13.21,139,1.31,1650,15.57
Northwestern,12,19,0.387,125,175,1.4,1455,11.64,111,300,2.09,1594,12.75,1595,682,4100,0.223,1595,12.76,175,1.40,1594,12.75
Northwestern St.,11,19,0.367,109,159,1.46,1111,10.19,72,240,1.76,1688,15.49,1260,599,4037,0.164,1260,11.56,159,1.46,1688,15.49
Notre Dame,13,15,0.464,103,138,1.34,1134,11.01,32,441,2.45,1518,14.74,1250,470,3695,0.211,1250,12.14,138,1.34,1518,14.74
Oakland,15,15,0.5,111,131,1.18,1132,10.2,33,412,2.15,1771,15.95,1268,538,3903,0.187,1268,11.42,131,1.18,1771,15.95
Ohio,12,19,0.387,120,135,1.13,1458,12.15,62,299,1.76,1774,14.78,1570,647,4209,0.219,1570,13.08,135,1.13,1774,14.78
Ohio St.,27,6,0.818,114,144,1.26,1549,13.59,34,499,2.49,1783,15.64,1667,582,4059,0.267,1667,14.62,144,1.26,1783,15.64
Oklahoma,10,17,0.37,107,106,0.99,1160,10.84,70,404,2.54,1491,13.93,1282,596,3719,0.184,1282,11.98,106,0.99,1491,13.93
Old Dominion,13,13,0.5,96,121,1.26,1070,11.15,38,361,2.28,1258,13.1,1147,529,3182,0.194,1147,11.95,121,1.26,1258,13.10
Ole Miss,21,9,0.7,110,132,1.2,1292,11.75,52,427,2.41,1472,13.38,1449,537,3580,0.255,1449,13.17,132,1.20,1472,13.38
Omaha,20,10,0.667,109,153,1.4,1381,12.67,27,417,2.16,1839,16.87,1503,537,4091,0.236,1503,13.79,153,1.40,1839,16.87
Oral Roberts,18,11,0.621,106,134,1.26,1308,12.34,53,409,2.43,1604,15.13,1413,492,3759,0.245,1413,13.33,134,1.26,1604,15.13
Oregon,22,9,0.71,114,137,1.2,1391,12.2,64,422,2.41,1769,15.52,1539,533,4008,0.251,1539,13.5,137,1.20,1769,15.52
Oregon St.,5,25,0.167,101,94,0.93,1118,11.07,50,329,2.12,1434,14.2,1219,635,3589,0.163,1219,12.07,94,0.93,1434,14.20
Pacific,13,17,0.433,112,189,1.69,1267,11.31,47,255,1.56,1646,14.7,1393,781,3991,0.153,1393,12.44,189,1.69,1646,14.70
Penn,8,15,0.348,87,89,1.02,985,11.32,40,246,1.87,1244,14.3,1075,448,3083,0.203,1075,12.36,89,1.02,1244,14.30
Penn St.,21,11,0.656,119,140,1.18,1555,13.07,89,495,2.83,1783,14.98,1685,565,4324,0.259,1685,14.16,140,1.18,1783,14.98
Pepperdine,22,6,0.786,106,168,1.58,1347,12.71,20,365,1.91,1424,13.43,1462,550,3617,0.252,1462,13.79,168,1.58,1424,13.43
Pittsburgh,30,4,0.882,126,184,1.46,1671,13.26,55,488,2.37,1671,13.26,1792,610,4151,0.285,1792,14.22,184,1.46,1671,13.26
Portland,5,20,0.2,87,140,1.61,789,9.07,26,212,1.52,1016,11.68,862,446,2590,0.161,862,9.91,140,1.61,1016,11.68
Portland St.,20,11,0.645,119,209,1.76,1409,11.84,71,372,2.16,1999,16.8,1527,663,4354,0.198,1527,12.83,209,1.76,1999,16.80
Prairie View,8,27,0.229,114,143,1.25,1010,8.86,44,218,1.34,1574,13.81,1129,663,3905,0.119,1129,9.9,143,1.25,1574,13.81
Presbyterian,12,15,0.444,103,187,1.82,1039,10.09,53,308,2.01,1583,15.37,1135,574,3619,0.155,1135,11.02,187,1.82,1583,15.37
Princeton,16,6,0.727,78,102,1.31,1021,13.09,49,256,2.27,1285,16.47,1095,386,2914,0.243,1095,14.04,102,1.31,1285,16.47
Providence,16,15,0.516,113,196,1.73,1272,11.26,39,279,1.58,1693,14.98,1410,592,4027,0.203,1410,12.48,196,1.73,1693,14.98
Purdue,26,7,0.788,126,148,1.17,1487,11.8,57,631,2.96,1911,15.17,1640,567,4265,0.252,1640,13.02,148,1.17,1911,15.17
Purdue Fort Wayne,8,23,0.258,120,168,1.4,1373,11.44,71,314,1.9,1669,13.91,1475,655,4100,0.2,1475,12.29,168,1.40,1669,13.91
Quinnipiac,11,18,0.379,111,160,1.44,1250,11.26,68,252,1.75,1765,15.9,1348,656,4114,0.168,1348,12.14,160,1.44,1765,15.90
Radford,6,22,0.214,101,136,1.35,977,9.67,42,294,1.87,1444,14.3,1089,568,3494,0.149,1089,10.78,136,1.35,1444,14.30
Rhode Island,13,19,0.406,116,162,1.4,1304,11.24,27,345,1.72,1826,15.74,1406,608,4193,0.19,1406,12.12,162,1.40,1826,15.74
Rice,20,7,0.741,93,104,1.12,1227,13.19,58,276,2.11,1551,16.68,1337,393,3288,0.287,1337,14.38,104,1.12,1551,16.68
Rider,19,12,0.613,117,181,1.55,1390,11.88,39,382,1.97,1808,15.45,1477,645,4111,0.202,1477,12.62,181,1.55,1808,15.45
Robert Morris,9,21,0.3,114,220,1.93,1103,9.68,41,341,1.86,1419,12.45,1211,524,3660,0.188,1211,10.62,220,1.93,1419,12.45
Rutgers,8,21,0.276,102,132,1.29,1034,10.14,37,352,2.09,1398,13.71,1141,513,3422,0.184,1141,11.19,132,1.29,1398,13.71
Sacramento St.,16,12,0.571,102,153,1.5,1144,11.22,60,403,2.56,1472,14.43,1258,562,3594,0.194,1258,12.33,153,1.50,1472,14.43
Sacred Heart,19,10,0.655,107,123,1.15,1222,11.42,53,330,2.04,1718,16.06,1404,502,3836,0.235,1404,13.12,123,1.15,1718,16.06
Saint Francis (PA),13,14,0.481,102,160,1.57,1277,12.52,25,317,1.8,1423,13.95,1379,637,3532,0.21,1379,13.52,160,1.57,1423,13.95
Saint Louis,18,12,0.6,115,201,1.75,1427,12.41,49,395,2.14,1816,15.79,1533,636,4097,0.219,1533,13.33,201,1.75,1816,15.79
Saint Mary's (CA),15,12,0.556,101,156,1.54,1093,10.82,48,367,2.29,1254,12.42,1186,452,3286,0.223,1186,11.74,156,1.54,1254,12.42
Saint Peter's,3,27,0.1,102,126,1.24,911,8.93,30,254,1.54,1585,15.54,1014,614,3746,0.107,1014,9.94,126,1.24,1585,15.54
Sam Houston,18,10,0.643,108,138,1.28,1303,12.06,45,330,1.94,1891,17.51,1423,615,4097,0.197,1423,13.18,138,1.28,1891,17.51
Samford,11,18,0.379,102,187,1.83,1224,12,46,255,1.7,1476,14.47,1347,610,3723,0.198,1347,13.21,187,1.83,1476,14.47
San Diego,20,8,0.714,103,132,1.28,1165,11.31,65,431,2.72,1302,12.64,1266,447,3316,0.247,1266,12.29,132,1.28,1302,12.64
San Diego St.,8,22,0.267,109,105,0.96,1270,11.65,41,305,1.78,1401,12.85,1366,621,3553,0.21,1366,12.53,105,0.96,1401,12.85
San Francisco,0,25,0,86,88,1.02,729,8.48,46,106,1.15,1044,12.14,835,506,2790,0.118,835,9.71,88,1.02,1044,12.14
San Jose St.,19,10,0.655,106,196,1.85,1290,12.17,40,298,1.78,1608,15.17,1394,608,3850,0.204,1394,13.15,196,1.85,1608,15.17
Santa Clara,12,15,0.444,102,176,1.73,1144,11.22,30,291,1.72,1359,13.32,1247,497,3330,0.225,1247,12.23,176,1.73,1359,13.32
Seattle U,4,21,0.16,89,98,1.1,898,10.09,48,248,1.93,1165,13.09,995,509,2955,0.164,995,11.18,98,1.10,1165,13.09
Seton Hall,14,18,0.438,115,135,1.17,1278,11.11,37,452,2.29,1770,15.39,1391,543,3987,0.213,1391,12.1,135,1.17,1770,15.39
SFA,19,10,0.655,103,145,1.41,1221,11.85,63,379,2.45,1638,15.9,1329,464,3713,0.233,1329,12.9,145,1.41,1638,15.90
Siena,7,23,0.233,113,156,1.38,1228,10.87,28,334,1.73,1555,13.76,1379,606,4017,0.192,1379,12.2,156,1.38,1555,13.76
SIUE,6,23,0.207,110,136,1.24,1071,9.74,55,348,2.08,1395,12.68,1156,588,3550,0.16,1156,10.51,136,1.24,1395,12.68
SMU,18,12,0.6,114,110,0.96,1404,12.32,41,407,2.14,1838,16.12,1558,564,4211,0.236,1558,13.67,110,0.96,1838,16.12
South Alabama,25,7,0.781,116,198,1.71,1395,12.03,77,397,2.38,1848,15.93,1515,556,4093,0.234,1515,13.06,198,1.71,1848,15.93
South Carolina,14,15,0.483,103,130,1.26,1192,11.57,70,333,2.3,1243,12.07,1303,480,3385,0.243,1303,12.65,130,1.26,1243,12.07
South Carolina St.,0,24,0,73,82,1.12,435,5.96,17,82,0.79,675,9.25,477,446,1968,0.016,477,6.53,82,1.12,675,9.25
South Dakota,20,10,0.667,116,173,1.49,1415,12.2,70,375,2.22,1756,15.14,1531,536,3957,0.251,1531,13.2,173,1.49,1756,15.14
South Dakota St.,19,12,0.613,118,176,1.49,1345,11.4,53,386,2.08,1692,14.34,1485,588,4123,0.218,1485,12.58,176,1.49,1692,14.34
South Fla.,7,24,0.226,117,174,1.49,1262,10.79,59,365,2.06,1606,13.73,1389,711,4143,0.164,1389,11.87,174,1.49,1606,13.73
Southeast Mo. St.,26,8,0.765,127,179,1.41,1566,12.33,73,355,1.97,2178,17.15,1697,640,4771,0.222,1697,13.36,179,1.41,2178,17.15
Southeastern La.,9,18,0.333,108,128,1.19,1196,11.07,48,352,2.07,1601,14.82,1282,553,3824,0.191,1282,11.87,128,1.19,1601,14.82
Southern California,15,15,0.5,117,166,1.42,1410,12.05,74,324,2.02,1634,13.97,1551,576,4012,0.243,1551,13.26,166,1.42,1634,13.97
Southern Ill.,5,26,0.161,115,163,1.42,1262,10.97,31,269,1.44,1665,14.48,1335,672,3999,0.166,1335,11.61,163,1.42,1665,14.48
Southern Miss.,11,17,0.393,108,148,1.37,1266,11.72,42,264,1.61,1695,15.69,1384,586,3868,0.206,1384,12.81,148,1.37,1695,15.69
Southern U.,8,15,0.348,86,114,1.33,873,10.15,47,167,1.52,1434,16.67,953,445,3258,0.156,953,11.08,114,1.33,1434,16.67
Southern Utah,6,22,0.214,104,143,1.38,948,9.12,58,374,2.36,1345,12.93,1049,572,3464,0.138,1049,10.09,143,1.38,1345,12.93
St. Francis Brooklyn,9,20,0.31,109,122,1.12,1179,10.82,48,298,1.81,1727,15.84,1273,591,3999,0.171,1273,11.68,122,1.12,1727,15.84
St. John's (NY),15,17,0.469,122,189,1.55,1509,12.37,40,507,2.41,1629,13.35,1609,723,4182,0.212,1609,13.19,189,1.55,1629,13.35
St. Thomas (MN),3,25,0.107,95,110,1.16,916,9.64,26,246,1.57,1224,12.88,965,527,3162,0.139,965,10.16,110,1.16,1224,12.88
Stanford,19,11,0.633,113,142,1.26,1481,13.11,41,491,2.54,1565,13.85,1590,494,3903,0.281,1590,14.07,142,1.26,1565,13.85
Stetson,13,16,0.448,107,114,1.07,1229,11.49,96,277,2.19,1770,16.54,1295,574,3861,0.187,1295,12.1,114,1.07,1770,16.54
Stony Brook,13,14,0.481,96,143,1.49,1130,11.77,28,258,1.64,1515,15.78,1228,488,3543,0.209,1228,12.79,143,1.49,1515,15.78
Syracuse,17,13,0.567,109,133,1.22,1351,12.39,81,376,2.47,1503,13.79,1477,506,3640,0.267,1477,13.55,133,1.22,1503,13.79
Tarleton St.,15,14,0.517,108,133,1.23,1190,11.02,60,359,2.22,1642,15.2,1328,467,3782,0.228,1328,12.3,133,1.23,1642,15.20
TCU,8,18,0.308,98,109,1.11,1107,11.3,32,391,2.32,1264,12.9,1191,595,3291,0.181,1191,12.15,109,1.11,1264,12.90
Temple,7,24,0.226,118,134,1.14,1297,10.99,48,352,1.9,1623,13.75,1395,642,4159,0.181,1395,11.82,134,1.14,1623,13.75
Tennessee,20,10,0.667,109,113,1.04,1412,12.95,64,529,3.01,1666,15.28,1542,503,3837,0.271,1542,14.15,113,1.04,1666,15.28
Tennessee St.,10,17,0.37,103,120,1.17,1201,11.66,42,370,2.2,1698,16.49,1314,610,3827,0.184,1314,12.76,120,1.17,1698,16.49
Tennessee Tech,16,14,0.533,114,151,1.32,1363,11.96,50,444,2.39,1572,13.79,1488,666,4013,0.205,1488,13.05,151,1.32,1572,13.79
Texas,27,2,0.931,99,218,2.2,1257,12.7,41,432,2.6,1255,12.68,1356,313,3044,0.343,1356,13.7,218,2.20,1255,12.68
Texas A&M,14,14,0.5,106,127,1.2,1272,12,39,321,1.88,1751,16.52,1375,616,3877,0.196,1375,12.97,127,1.20,1751,16.52
Texas Southern,7,24,0.226,108,148,1.37,981,9.08,43,138,1.04,1682,15.57,1088,605,3867,0.125,1088,10.07,148,1.37,1682,15.57
Texas St.,20,12,0.625,110,124,1.13,1415,12.86,49,367,2.11,1745,15.86,1514,563,3879,0.245,1514,13.76,124,1.13,1745,15.86
Texas Tech,17,13,0.567,116,125,1.08,1307,11.27,70,418,2.41,1701,14.66,1456,549,4024,0.225,1456,12.55,125,1.08,1701,14.66
The Citadel,14,12,0.538,98,155,1.58,1112,11.35,55,262,1.9,1592,16.24,1250,527,3562,0.203,1250,12.76,155,1.58,1592,16.24
Toledo,20,13,0.606,119,189,1.59,1479,12.43,82,411,2.42,1939,16.29,1592,684,4341,0.209,1592,13.38,189,1.59,1939,16.29
Towson,26,5,0.839,115,210,1.83,1377,11.97,43,522,2.64,1663,14.46,1495,503,3746,0.265,1495,13,210,1.83,1663,14.46
Troy,18,13,0.581,113,183,1.62,1332,11.79,54,296,1.79,1514,13.4,1431,696,3900,0.188,1431,12.66,183,1.62,1514,13.40
Tulane,18,14,0.563,121,163,1.35,1416,11.7,74,326,1.96,1693,13.99,1567,568,4194,0.238,1567,12.95,163,1.35,1693,13.99
Tulsa,14,16,0.467,117,130,1.11,1361,11.63,48,350,1.91,2075,17.74,1446,577,4460,0.195,1446,12.36,130,1.11,2075,17.74
UAB,11,14,0.44,90,136,1.51,1067,11.86,46,234,1.81,1226,13.62,1160,495,3186,0.209,1160,12.89,136,1.51,1226,13.62
UAlbany,14,15,0.483,111,155,1.4,1288,11.6,30,461,2.35,1522,13.71,1381,638,3839,0.194,1381,12.44,155,1.40,1522,13.71
UC Davis,11,20,0.355,114,167,1.46,1247,10.94,51,414,2.26,1505,13.2,1360,533,3781,0.219,1360,11.93,167,1.46,1505,13.20
UC Irvine,17,13,0.567,114,132,1.16,1358,11.91,41,411,2.16,1600,14.04,1462,576,3923,0.226,1462,12.82,132,1.16,1600,14.04
UC Riverside,6,24,0.2,110,128,1.16,1100,10,38,210,1.3,1642,14.93,1202,634,3892,0.146,1202,10.93,128,1.16,1642,14.93
UC San Diego,10,21,0.323,121,141,1.17,1455,12.02,71,248,1.61,2007,16.59,1586,731,4621,0.185,1586,13.11,141,1.17,2007,16.59
UC Santa Barbara,21,11,0.656,120,152,1.27,1620,13.5,73,442,2.45,1714,14.28,1733,617,4183,0.267,1733,14.44,152,1.27,1714,14.28
UCF,27,7,0.794,125,217,1.74,1582,12.66,55,582,2.77,1747,13.98,1699,527,4219,0.278,1699,13.59,217,1.74,1747,13.98
UCLA,25,6,0.806,116,170,1.47,1440,12.41,65,408,2.32,1613,13.91,1577,571,3793,0.265,1577,13.59,170,1.47,1613,13.91
UConn,24,11,0.686,129,207,1.6,1528,11.84,60,510,2.44,1941,15.05,1700,617,4550,0.238,1700,13.18,207,1.60,1941,15.05
UIC,20,12,0.625,125,203,1.62,1576,12.61,47,375,1.88,1781,14.25,1691,686,4506,0.223,1691,13.53,203,1.62,1781,14.25
UIW,13,19,0.406,126,146,1.16,1403,11.13,48,434,2.1,1888,14.98,1506,637,4465,0.195,1506,11.95,146,1.16,1888,14.98
ULM,5,27,0.156,109,118,1.08,1013,9.29,37,184,1.18,1572,14.42,1131,602,4027,0.131,1131,10.38,118,1.08,1572,14.42
UMBC,19,12,0.613,113,141,1.25,1279,11.32,30,437,2.2,1887,16.7,1399,637,4067,0.187,1399,12.38,141,1.25,1887,16.70
UMES,12,14,0.462,91,147,1.62,931,10.23,59,297,2.28,1192,13.1,1009,531,2848,0.168,1009,11.09,147,1.62,1192,13.10
UNC Asheville,6,19,0.24,91,102,1.12,900,9.89,34,264,1.82,1331,14.63,960,467,3032,0.163,960,10.55,102,1.12,1331,14.63
UNC Greensboro,23,7,0.767,116,184,1.59,1381,11.91,78,363,2.24,2060,17.76,1524,577,4378,0.216,1524,13.14,184,1.59,2060,17.76
UNCW,4,23,0.148,102,121,1.19,1000,9.8,48,199,1.45,1387,13.6,1095,577,3388,0.153,1095,10.74,121,1.19,1387,13.60
UNI,12,19,0.387,120,156,1.3,1378,11.48,56,379,2.05,1662,13.85,1484,722,4213,0.181,1484,12.37,156,1.30,1662,13.85
UNLV,28,9,0.757,139,217,1.56,1619,11.65,73,552,2.51,1812,13.04,1838,614,4606,0.266,1838,13.22,217,1.56,1812,13.04
USC Upstate,14,16,0.467,104,206,1.98,1110,10.67,43,356,2.13,1662,15.98,1204,586,3785,0.163,1204,11.58,206,1.98,1662,15.98
UT Arlington,12,15,0.444,106,97,0.92,1217,11.48,53,317,2,1734,16.36,1332,568,3892,0.196,1332,12.57,97,0.92,1734,16.36
UT Martin,15,17,0.469,121,151,1.25,1349,11.15,47,442,2.21,1856,15.34,1486,700,4418,0.178,1486,12.28,151,1.25,1856,15.34
Utah,22,9,0.71,113,168,1.49,1454,12.87,43,454,2.39,1569,13.88,1610,606,3882,0.259,1610,14.25,168,1.49,1569,13.88
Utah St.,22,9,0.71,125,190,1.52,1471,11.77,37,519,2.37,1633,13.06,1604,632,4160,0.234,1604,12.83,190,1.52,1633,13.06
Utah Tech,7,15,0.318,82,99,1.21,867,10.57,39,249,1.99,1269,15.48,939,438,2973,0.169,939,11.45,99,1.21,1269,15.48
Utah Valley,16,13,0.552,114,166,1.46,1274,11.18,53,506,2.68,1525,13.38,1417,611,3827,0.211,1417,12.43,166,1.46,1525,13.38
UTEP,24,8,0.75,127,222,1.75,1576,12.41,55,460,2.24,1686,13.28,1744,593,4240,0.271,1744,13.73,222,1.75,1686,13.28
UTRGV,17,11,0.607,107,159,1.49,1284,12,56,314,1.99,1630,15.23,1407,597,3840,0.211,1407,13.15,159,1.49,1630,15.23
UTSA,8,16,0.333,87,120,1.38,925,10.63,11,247,1.55,1365,15.69,997,460,3176,0.169,997,11.46,120,1.38,1365,15.69
Valparaiso,26,10,0.722,136,155,1.14,1628,11.97,52,482,2.15,2330,17.13,1743,760,5265,0.187,1743,12.82,155,1.14,2330,17.13
VCU,18,12,0.6,109,131,1.2,1378,12.64,53,357,2.12,1800,16.51,1498,572,3976,0.233,1498,13.74,131,1.20,1800,16.51
Villanova,15,15,0.5,109,145,1.33,1198,10.99,24,300,1.6,1511,13.86,1324,546,3672,0.212,1324,12.15,145,1.33,1511,13.86
Virginia,8,20,0.286,100,118,1.18,1016,10.16,52,432,2.68,1251,12.51,1112,591,3318,0.157,1112,11.12,118,1.18,1251,12.51
Virginia Tech,12,18,0.4,113,152,1.35,1100,9.73,51,417,2.3,1493,13.21,1205,576,3706,0.17,1205,10.66,152,1.35,1493,13.21
Wake Forest,15,14,0.517,104,148,1.42,1212,11.65,87,286,2.21,1409,13.55,1373,563,3507,0.231,1373,13.2,148,1.42,1409,13.55
Washington,26,5,0.839,119,209,1.76,1523,12.8,46,475,2.38,1496,12.57,1638,529,3887,0.285,1638,13.76,209,1.76,1496,12.57
Washington St.,20,12,0.625,116,203,1.75,1370,11.81,75,415,2.44,1613,13.91,1536,573,3974,0.242,1536,13.24,203,1.75,1613,13.91
Weber St.,22,10,0.688,120,251,2.09,1405,11.71,35,434,2.1,1910,15.92,1521,561,4326,0.222,1521,12.68,251,2.09,1910,15.92
West Virginia,19,10,0.655,102,154,1.51,1242,12.18,68,334,2.3,1648,16.16,1384,593,3771,0.21,1384,13.57,154,1.51,1648,16.16
Western Caro.,11,17,0.393,105,146,1.39,1207,11.5,73,259,1.93,1763,16.79,1335,528,3907,0.207,1335,12.71,146,1.39,1763,16.79
Western Ill.,5,24,0.172,108,126,1.17,1075,9.95,53,305,1.9,1694,15.69,1192,533,3920,0.168,1192,11.04,126,1.17,1694,15.69
Western Ky.,28,2,0.933,97,169,1.74,1266,13.05,82,332,2.56,1296,13.36,1369,349,2988,0.341,1369,14.11,169,1.74,1296,13.36
Western Mich.,19,12,0.613,116,158,1.36,1506,12.98,67,168,1.3,1963,16.92,1630,573,4477,0.236,1630,14.05,158,1.36,1963,16.92
Wichita St.,19,10,0.655,117,145,1.24,1400,11.97,64,334,1.97,1875,16.03,1502,590,4090,0.223,1502,12.84,145,1.24,1875,16.03
William & Mary,5,16,0.238,74,94,1.27,782,10.57,32,214,1.88,885,11.96,854,475,2451,0.155,854,11.54,94,1.27,885,11.96
Winthrop,18,10,0.643,97,137,1.41,1169,12.05,50,295,2.04,1819,18.75,1290,524,3838,0.2,1290,13.3,137,1.41,1819,18.75
Wisconsin,31,3,0.912,122,178,1.46,1643,13.47,44,554,2.63,1814,14.87,1781,547,4244,0.291,1781,14.6,178,1.46,1814,14.87
Wofford,17,14,0.548,116,173,1.49,1313,11.32,108,302,2.23,1629,14.04,1443,602,3936,0.214,1443,12.44,173,1.49,1629,14.04
Wright St.,23,8,0.742,120,144,1.2,1465,12.21,40,453,2.22,2355,19.63,1604,601,4768,0.21,1604,13.37,144,1.20,2355,19.63
Wyoming,16,14,0.533,111,147,1.32,1266,11.41,72,340,2.18,1500,13.51,1401,556,3737,0.226,1401,12.62,147,1.32,1500,13.51
Xavier,11,18,0.379,111,123,1.11,1247,11.23,65,300,1.94,1795,16.17,1379,583,4042,0.197,1379,12.42,123,1.11,1795,16.17
Yale,16,7,0.696,88,159,1.81,994,11.3,66,197,1.87,1389,15.78,1129,415,3131,0.228,1129,12.83,159,1.81,1389,15.78
Youngstown St.,6,23,0.207,106,170,1.6,1124,10.6,29,228,1.35,1557,14.69,1196,539,3621,0.181,1196,11.28,170,1.60,1557,14.69